sheet,row,col,type,value
Historicals,1,1,2,Quarter ending
Historicals,3,1,2,Income statement
Historicals,4,1,2,Revenue
Historicals,5,1,2,Cost of sales
Historicals,6,1,2,Gross profit
Historicals,7,1,2,Operating expenses
Historicals,8,1,2,EBITDA
Historicals,9,1,2,Depreciation
Historicals,10,1,2,Operating profit
Historicals,11,1,2,Interest
Historicals,12,1,2,Profit before tax
Historicals,13,1,2,Tax
Historicals,14,1,2,Net income
Historicals,16,1,2,Balance sheet
Historicals,17,1,2,Cash
Historicals,18,1,2,Receivables
Historicals,19,1,2,Inventory
Historicals,20,1,2,PP&E
Historicals,21,1,2,Total assets
Historicals,22,1,2,Payables
Historicals,23,1,2,Revolver
Historicals,24,1,2,Bond A
Historicals,25,1,2,Bond B
Historicals,26,1,2,Term loan
Historicals,27,1,2,Equity
Historicals,28,1,2,Total liabilities and equity
Historicals,29,1,2,Balance check
Historicals,31,1,2,Cash flow
Historicals,32,1,2,Capital expenditure
Historicals,33,1,2,Dividends
Historicals,34,1,2,Share buybacks
Historicals,36,1,2,Economy
Historicals,37,1,2,"GDP growth, year on year"
Historicals,38,1,2,"Own price change, year on year"
Assumptions,1,1,2,Quarter ending
Assumptions,3,1,2,Revenue
Assumptions,4,1,2,"Growth adjustment, year on year"
Assumptions,5,1,2,"GDP growth, year on year"
Assumptions,6,1,2,"Own price change, year on year"
Assumptions,7,1,2,Growth per point of GDP growth
Assumptions,8,1,2,Growth per point of price change
Assumptions,9,1,2,Surprise kept from the last quarter
Assumptions,10,1,2,Surprise kept from a year earlier
Assumptions,12,1,2,Operations
Assumptions,13,1,2,"Cost of sales, % of revenue"
Assumptions,14,1,2,"Operating expenses, % of revenue"
Assumptions,15,1,2,"Depreciation, % of opening PP&E"
Assumptions,16,1,2,"Capital expenditure, % of revenue"
Assumptions,17,1,2,"Tax, % of profit before tax"
Assumptions,18,1,2,"Receivables, days of revenue"
Assumptions,19,1,2,"Inventory, days of cost of sales"
Assumptions,20,1,2,"Payables, days of cost of sales"
Assumptions,22,1,2,Financing
Assumptions,23,1,2,Base rate
Assumptions,24,1,2,Bond A coupon
Assumptions,25,1,2,Bond B coupon
Assumptions,26,1,2,"Term loan, margin over base rate"
Assumptions,27,1,2,"Term loan, repayment a quarter"
Assumptions,28,1,2,"Revolver, margin over base rate"
Assumptions,29,1,2,Revolver limit
Assumptions,30,1,2,Minimum cash
Assumptions,31,1,2,Target dividend a quarter
Assumptions,32,1,2,"Buybacks, % of cash left over"
Assumptions,33,1,2,"Bond A, quarters to maturity"
Assumptions,34,1,2,"Bond B, quarters to maturity"
Analysis,1,1,2,Quarter ending
Analysis,2,1,2,Quarter
Analysis,4,1,2,Revenue
Analysis,5,1,2,Revenue
Analysis,6,1,2,1 quarter earlier
Analysis,7,1,2,2 quarters earlier
Analysis,8,1,2,3 quarters earlier
Analysis,9,1,2,4 quarters earlier
Analysis,10,1,2,Last 12 months
Analysis,11,1,2,Quarters with a growth rate
Analysis,12,1,2,Compound annual growth
Analysis,13,1,2,"Growth, year on year"
Analysis,14,1,2,"GDP growth, running total"
Analysis,15,1,2,"Price change, running total"
Analysis,16,1,2,"GDP growth, average"
Analysis,17,1,2,"Own price change, average"
Analysis,18,1,2,GDP effect
Analysis,19,1,2,Price effect
Analysis,20,1,2,Surprise
Analysis,21,1,2,1 quarter earlier
Analysis,22,1,2,2 quarters earlier
Analysis,23,1,2,3 quarters earlier
Analysis,24,1,2,4 quarters earlier
Analysis,26,1,2,Margins and working capital
Analysis,27,1,2,Gross margin
Analysis,28,1,2,EBITDA margin
Analysis,29,1,2,Days in the quarter
Analysis,30,1,2,Receivable days
Analysis,31,1,2,Inventory days
Analysis,32,1,2,Payable days
Analysis,33,1,2,"Capital expenditure, % of revenue"
Analysis,34,1,2,"Tax, % of profit before tax"
Analysis,36,1,2,EBITDA
Analysis,37,1,2,EBITDA
Analysis,38,1,2,1 quarter earlier
Analysis,39,1,2,2 quarters earlier
Analysis,40,1,2,3 quarters earlier
Analysis,41,1,2,Last 12 months
Analysis,43,1,2,"Initial state, at the last reported quarter"
Analysis,44,1,2,Quarter ending
Analysis,45,1,2,Revenue
Analysis,46,1,2,"Revenue, 1 quarter earlier"
Analysis,47,1,2,"Revenue, 2 quarters earlier"
Analysis,48,1,2,"Revenue, 3 quarters earlier"
Analysis,49,1,2,EBITDA
Analysis,50,1,2,"EBITDA, 1 quarter earlier"
Analysis,51,1,2,"EBITDA, 2 quarters earlier"
Analysis,52,1,2,Surprise
Analysis,53,1,2,"Surprise, 1 quarter earlier"
Analysis,54,1,2,"Surprise, 2 quarters earlier"
Analysis,55,1,2,"Surprise, 3 quarters earlier"
Analysis,56,1,2,"Surprise, 4 quarters earlier"
Analysis,57,1,2,Cash
Analysis,58,1,2,Receivables
Analysis,59,1,2,Inventory
Analysis,60,1,2,PP&E
Analysis,61,1,2,Payables
Analysis,62,1,2,Revolver
Analysis,63,1,2,Bond A
Analysis,64,1,2,Bond B
Analysis,65,1,2,Term loan
Analysis,66,1,2,Equity
Forecast,1,1,2,Quarter ending
Forecast,3,1,2,Assumptions
Forecast,4,1,2,Revenue growth adjustment
Forecast,5,1,2,GDP growth
Forecast,6,1,2,Own price change
Forecast,7,1,2,Growth per point of GDP growth
Forecast,8,1,2,Growth per point of price change
Forecast,9,1,2,Surprise kept from the last quarter
Forecast,10,1,2,Surprise kept from a year earlier
Forecast,11,1,2,"Cost of sales, % of revenue"
Forecast,12,1,2,"Operating expenses, % of revenue"
Forecast,13,1,2,"Depreciation, % of opening PP&E"
Forecast,14,1,2,"Capital expenditure, % of revenue"
Forecast,15,1,2,"Tax, % of profit before tax"
Forecast,16,1,2,"Receivables, days of revenue"
Forecast,17,1,2,"Inventory, days of cost of sales"
Forecast,18,1,2,"Payables, days of cost of sales"
Forecast,19,1,2,Base rate
Forecast,20,1,2,Bond A coupon
Forecast,21,1,2,Bond B coupon
Forecast,22,1,2,"Term loan, margin over base rate"
Forecast,23,1,2,"Term loan, repayment a quarter"
Forecast,24,1,2,"Revolver, margin over base rate"
Forecast,25,1,2,Revolver limit
Forecast,26,1,2,Minimum cash
Forecast,27,1,2,Target dividend a quarter
Forecast,28,1,2,"Buybacks, % of cash left over"
Forecast,29,1,2,"Bond A, quarters to maturity"
Forecast,30,1,2,"Bond B, quarters to maturity"
Forecast,32,1,2,Initial state
Forecast,33,1,2,Quarter ending
Forecast,34,1,2,Compound annual growth
Forecast,35,1,2,"GDP growth, average"
Forecast,36,1,2,"Own price change, average"
Forecast,37,1,2,Revenue
Forecast,38,1,2,"Revenue, 1 quarter earlier"
Forecast,39,1,2,"Revenue, 2 quarters earlier"
Forecast,40,1,2,"Revenue, 3 quarters earlier"
Forecast,41,1,2,EBITDA
Forecast,42,1,2,"EBITDA, 1 quarter earlier"
Forecast,43,1,2,"EBITDA, 2 quarters earlier"
Forecast,44,1,2,Surprise
Forecast,45,1,2,"Surprise, 1 quarter earlier"
Forecast,46,1,2,"Surprise, 2 quarters earlier"
Forecast,47,1,2,"Surprise, 3 quarters earlier"
Forecast,48,1,2,"Surprise, 4 quarters earlier"
Forecast,49,1,2,Cash
Forecast,50,1,2,Receivables
Forecast,51,1,2,Inventory
Forecast,52,1,2,PP&E
Forecast,53,1,2,Payables
Forecast,54,1,2,Revolver
Forecast,55,1,2,Bond A
Forecast,56,1,2,Bond B
Forecast,57,1,2,Term loan
Forecast,58,1,2,Equity
Forecast,60,1,2,Roll-forward
Forecast,61,1,2,Days in the quarter
Forecast,62,1,2,Surprise
Forecast,63,1,2,1 quarter earlier
Forecast,64,1,2,2 quarters earlier
Forecast,65,1,2,3 quarters earlier
Forecast,66,1,2,4 quarters earlier
Forecast,67,1,2,5 quarters earlier
Forecast,68,1,2,Surprise
Forecast,69,1,2,Revenue
Forecast,70,1,2,1 quarter earlier
Forecast,71,1,2,2 quarters earlier
Forecast,72,1,2,3 quarters earlier
Forecast,73,1,2,4 quarters earlier
Forecast,74,1,2,GDP effect
Forecast,75,1,2,Price effect
Forecast,76,1,2,"Growth, year on year"
Forecast,77,1,2,Revenue
Forecast,78,1,2,Operations
Forecast,79,1,2,Cost of sales
Forecast,80,1,2,Operating expenses
Forecast,81,1,2,EBITDA
Forecast,82,1,2,"EBITDA, 1 quarter earlier"
Forecast,83,1,2,"EBITDA, 2 quarters earlier"
Forecast,84,1,2,"EBITDA, 3 quarters earlier"
Forecast,85,1,2,"EBITDA, last 12 months"
Forecast,86,1,2,PP&E
Forecast,87,1,2,Opening
Forecast,88,1,2,Capital expenditure
Forecast,89,1,2,Depreciation
Forecast,90,1,2,Closing
Forecast,91,1,2,Working capital
Forecast,92,1,2,Receivables
Forecast,93,1,2,Inventory
Forecast,94,1,2,Payables
Forecast,95,1,2,Working capital
Forecast,96,1,2,Increase
Forecast,97,1,2,Bond A
Forecast,98,1,2,Quarters to maturity
Forecast,99,1,2,Opening
Forecast,100,1,2,Repaid
Forecast,101,1,2,Closing
Forecast,102,1,2,Bond B
Forecast,103,1,2,Quarters to maturity
Forecast,104,1,2,Opening
Forecast,105,1,2,Repaid
Forecast,106,1,2,Closing
Forecast,107,1,2,Term loan
Forecast,108,1,2,Opening
Forecast,109,1,2,Repaid
Forecast,110,1,2,Closing
Forecast,111,1,2,Interest
Forecast,112,1,2,Bond A
Forecast,113,1,2,Bond B
Forecast,114,1,2,Term loan
Forecast,115,1,2,Revolver
Forecast,116,1,2,Total
Forecast,117,1,2,Profit
Forecast,118,1,2,Operating profit
Forecast,119,1,2,Profit before tax
Forecast,120,1,2,Tax
Forecast,121,1,2,Net income
Forecast,122,1,2,Cash from operations
Forecast,123,1,2,Waterfall
Forecast,124,1,2,Opening cash
Forecast,125,1,2,Debt falling due
Forecast,126,1,2,Available above the minimum
Forecast,127,1,2,Dividends
Forecast,128,1,2,After dividends
Forecast,129,1,2,Opening revolver
Forecast,130,1,2,Revolver drawn (repaid)
Forecast,131,1,2,Closing revolver
Forecast,132,1,2,After the revolver
Forecast,133,1,2,Share buybacks
Forecast,134,1,2,Closing cash
Forecast,135,1,2,Debt
Forecast,136,1,2,Equity
Forecast,137,1,2,Opening
Forecast,138,1,2,Closing
Forecast,140,1,2,Income statement
Forecast,141,1,2,Revenue
Forecast,142,1,2,Cost of sales
Forecast,143,1,2,Gross profit
Forecast,144,1,2,Gross margin
Forecast,145,1,2,Operating expenses
Forecast,146,1,2,EBITDA
Forecast,147,1,2,EBITDA margin
Forecast,148,1,2,Depreciation
Forecast,149,1,2,Operating profit
Forecast,150,1,2,Interest
Forecast,151,1,2,Profit before tax
Forecast,152,1,2,Tax
Forecast,153,1,2,Net income
Forecast,154,1,2,Net margin
Forecast,156,1,2,Balance sheet
Forecast,157,1,2,Cash
Forecast,158,1,2,Receivables
Forecast,159,1,2,Inventory
Forecast,160,1,2,PP&E
Forecast,161,1,2,Total assets
Forecast,162,1,2,Payables
Forecast,163,1,2,Revolver
Forecast,164,1,2,Bond A
Forecast,165,1,2,Bond B
Forecast,166,1,2,Term loan
Forecast,167,1,2,Equity
Forecast,168,1,2,Total liabilities and equity
Forecast,169,1,2,Balance check
Forecast,171,1,2,Cash flow statement
Forecast,172,1,2,Net income
Forecast,173,1,2,Depreciation
Forecast,174,1,2,Change in working capital
Forecast,175,1,2,Cash from operations
Forecast,176,1,2,Capital expenditure
Forecast,177,1,2,Debt repaid
Forecast,178,1,2,Revolver drawn (repaid)
Forecast,179,1,2,Dividends
Forecast,180,1,2,Share buybacks
Forecast,181,1,2,Cash from financing
Forecast,182,1,2,Net change in cash
Forecast,183,1,2,Opening cash
Forecast,184,1,2,Closing cash
Forecast,186,1,2,Ratios
Forecast,187,1,2,Leverage
Forecast,188,1,2,Net debt
Forecast,189,1,2,"Debt / EBITDA, last 12 months"
Forecast,190,1,2,Net debt / EBITDA
Forecast,191,1,2,Coverage
Forecast,192,1,2,"EBITDA / interest, quarter"
Forecast,193,1,2,Liquidity
Forecast,194,1,2,Revolver undrawn
Forecast,195,1,2,Cash and undrawn revolver
Historicals,1,3,1,44286.0
Analysis,1,3,1,44286.0
Historicals,1,4,1,44377.0
Analysis,1,4,1,44377.0
Historicals,1,5,1,44469.0
Analysis,1,5,1,44469.0
Historicals,1,6,1,44561.0
Analysis,1,6,1,44561.0
Historicals,1,7,1,44651.0
Analysis,1,7,1,44651.0
Historicals,1,8,1,44742.0
Analysis,1,8,1,44742.0
Historicals,1,9,1,44834.0
Analysis,1,9,1,44834.0
Historicals,1,10,1,44926.0
Analysis,1,10,1,44926.0
Historicals,1,11,1,45016.0
Analysis,1,11,1,45016.0
Historicals,1,12,1,45107.0
Analysis,1,12,1,45107.0
Historicals,1,13,1,45199.0
Analysis,1,13,1,45199.0
Historicals,1,14,1,45291.0
Analysis,1,14,1,45291.0
Historicals,1,15,1,45382.0
Analysis,1,15,1,45382.0
Historicals,1,16,1,45473.0
Analysis,1,16,1,45473.0
Historicals,1,17,1,45565.0
Analysis,1,17,1,45565.0
Historicals,1,18,1,45657.0
Analysis,1,18,1,45657.0
Historicals,1,19,1,45747.0
Analysis,1,19,1,45747.0
Historicals,1,20,1,45838.0
Analysis,1,20,1,45838.0
Historicals,1,21,1,45930.0
Analysis,1,21,1,45930.0
Historicals,1,22,1,46022.0
Analysis,1,22,1,46022.0
Analysis,44,2,1,46022.0
Forecast,33,2,1,46022.0
Historicals,37,3,1,0.055
Historicals,37,4,1,0.05
Historicals,37,5,1,0.042
Historicals,37,6,1,0.035
Historicals,37,7,1,0.03
Historicals,37,8,1,0.024
Historicals,37,9,1,0.02
Historicals,37,10,1,0.016
Historicals,37,11,1,0.01
Historicals,37,12,1,0.004
Historicals,37,13,1,0.001
Historicals,37,14,1,0.003
Historicals,37,15,1,0.008
Historicals,37,16,1,0.012
Historicals,37,17,1,0.016
Historicals,37,18,1,0.018
Historicals,37,19,1,0.02
Historicals,37,20,1,0.021
Historicals,37,21,1,0.02
Historicals,37,22,1,0.019
Historicals,38,3,1,0.02
Historicals,38,4,1,0.022
Historicals,38,5,1,0.025
Historicals,38,6,1,0.03
Historicals,38,7,1,0.05
Historicals,38,8,1,0.065
Historicals,38,9,1,0.07
Historicals,38,10,1,0.06
Historicals,38,11,1,0.045
Historicals,38,12,1,0.035
Historicals,38,13,1,0.03
Historicals,38,14,1,0.025
Historicals,38,15,1,0.024
Historicals,38,16,1,0.022
Historicals,38,17,1,0.02
Historicals,38,18,1,0.02
Historicals,38,19,1,0.022
Historicals,38,20,1,0.024
Historicals,38,21,1,0.025
Historicals,38,22,1,0.025
Historicals,4,3,1,96.0
Analysis,5,3,1,96.0
Analysis,6,4,1,96.0
Analysis,7,5,1,96.0
Analysis,8,6,1,96.0
Analysis,9,7,1,96.0
Historicals,4,4,1,132.0
Analysis,5,4,1,132.0
Analysis,6,5,1,132.0
Analysis,7,6,1,132.0
Analysis,8,7,1,132.0
Analysis,9,8,1,132.0
Historicals,4,5,1,104.0
Analysis,5,5,1,104.0
Analysis,6,6,1,104.0
Analysis,7,7,1,104.0
Analysis,8,8,1,104.0
Analysis,9,9,1,104.0
Historicals,4,6,1,78.0
Analysis,5,6,1,78.0
Analysis,6,7,1,78.0
Analysis,7,8,1,78.0
Analysis,8,9,1,78.0
Analysis,9,10,1,78.0
Historicals,4,7,1,101.7
Analysis,5,7,1,101.7
Analysis,6,8,1,101.7
Analysis,7,9,1,101.7
Analysis,8,10,1,101.7
Analysis,9,11,1,101.7
Historicals,4,8,1,136.3
Analysis,5,8,1,136.3
Analysis,6,9,1,136.3
Analysis,7,10,1,136.3
Analysis,8,11,1,136.3
Analysis,9,12,1,136.3
Historicals,4,9,1,107.3
Analysis,5,9,1,107.3
Analysis,6,10,1,107.3
Analysis,7,11,1,107.3
Analysis,8,12,1,107.3
Analysis,9,13,1,107.3
Historicals,4,10,1,80.7
Analysis,5,10,1,80.7
Analysis,6,11,1,80.7
Analysis,7,12,1,80.7
Analysis,8,13,1,80.7
Analysis,9,14,1,80.7
Historicals,4,11,1,104.2
Analysis,5,11,1,104.2
Analysis,6,12,1,104.2
Analysis,7,13,1,104.2
Analysis,8,14,1,104.2
Analysis,9,15,1,104.2
Historicals,4,12,1,139.6
Analysis,5,12,1,139.6
Analysis,6,13,1,139.6
Analysis,7,14,1,139.6
Analysis,8,15,1,139.6
Analysis,9,16,1,139.6
Historicals,4,13,1,109.2
Analysis,5,13,1,109.2
Analysis,6,14,1,109.2
Analysis,7,15,1,109.2
Analysis,8,16,1,109.2
Analysis,9,17,1,109.2
Historicals,4,14,1,83.4
Analysis,5,14,1,83.4
Analysis,6,15,1,83.4
Analysis,7,16,1,83.4
Analysis,8,17,1,83.4
Analysis,9,18,1,83.4
Historicals,4,15,1,107.8
Analysis,5,15,1,107.8
Analysis,6,16,1,107.8
Analysis,7,17,1,107.8
Analysis,8,18,1,107.8
Analysis,9,19,1,107.8
Historicals,4,16,1,145.2
Analysis,5,16,1,145.2
Analysis,6,17,1,145.2
Analysis,7,18,1,145.2
Analysis,8,19,1,145.2
Analysis,9,20,1,145.2
Historicals,4,17,1,114.9
Analysis,5,17,1,114.9
Analysis,6,18,1,114.9
Analysis,7,19,1,114.9
Analysis,8,20,1,114.9
Analysis,9,21,1,114.9
Historicals,4,18,1,87.3
Analysis,5,18,1,87.3
Analysis,6,19,1,87.3
Analysis,7,20,1,87.3
Analysis,8,21,1,87.3
Analysis,9,22,1,87.3
Historicals,4,19,1,113.8
Analysis,5,19,1,113.8
Analysis,6,20,1,113.8
Analysis,7,21,1,113.8
Analysis,8,22,1,113.8
Analysis,48,2,1,113.8
Forecast,40,2,1,113.8
Forecast,73,3,1,113.8
Historicals,4,20,1,153.7
Analysis,5,20,1,153.7
Analysis,6,21,1,153.7
Analysis,7,22,1,153.7
Analysis,47,2,1,153.7
Forecast,39,2,1,153.7
Forecast,72,3,1,153.7
Forecast,73,4,1,153.7
Historicals,4,21,1,120.8
Analysis,5,21,1,120.8
Analysis,6,22,1,120.8
Analysis,46,2,1,120.8
Forecast,38,2,1,120.8
Forecast,71,3,1,120.8
Forecast,72,4,1,120.8
Forecast,73,5,1,120.8
Historicals,4,22,1,91.8
Analysis,5,22,1,91.8
Analysis,45,2,1,91.8
Forecast,37,2,1,91.8
Forecast,70,3,1,91.8
Forecast,71,4,1,91.8
Forecast,72,5,1,91.8
Forecast,73,6,1,91.8
Historicals,5,3,1,57.6
Historicals,5,4,1,79.2
Historicals,5,5,1,62.4
Historicals,5,6,1,46.8
Historicals,5,7,1,62.0
Historicals,5,8,1,83.1
Historicals,5,9,1,65.5
Historicals,5,10,1,49.2
Historicals,5,11,1,63.6
Historicals,5,12,1,85.2
Historicals,5,13,1,66.6
Historicals,5,14,1,50.9
Historicals,5,15,1,64.7
Historicals,5,16,1,87.1
Historicals,5,17,1,68.9
Historicals,5,18,1,52.4
Historicals,5,19,1,68.3
Historicals,5,20,1,92.2
Historicals,5,21,1,72.5
Historicals,5,22,1,55.1
Historicals,7,3,1,21.1
Historicals,7,4,1,29.0
Historicals,7,5,1,22.9
Historicals,7,6,1,17.2
Historicals,7,7,1,22.4
Historicals,7,8,1,30.0
Historicals,7,9,1,23.6
Historicals,7,10,1,17.8
Historicals,7,11,1,22.9
Historicals,7,12,1,30.7
Historicals,7,13,1,24.0
Historicals,7,14,1,18.3
Historicals,7,15,1,23.7
Historicals,7,16,1,31.9
Historicals,7,17,1,25.3
Historicals,7,18,1,19.2
Historicals,7,19,1,25.0
Historicals,7,20,1,33.8
Historicals,7,21,1,26.6
Historicals,7,22,1,20.2
Historicals,9,3,1,5.0
Historicals,9,4,1,5.0
Historicals,9,5,1,5.1
Historicals,9,6,1,5.1
Historicals,9,7,1,5.1
Historicals,9,8,1,5.1
Historicals,9,9,1,5.1
Historicals,9,10,1,5.2
Historicals,9,11,1,5.1
Historicals,9,12,1,5.1
Historicals,9,13,1,5.2
Historicals,9,14,1,5.2
Historicals,9,15,1,5.2
Historicals,9,16,1,5.2
Historicals,9,17,1,5.3
Historicals,9,18,1,5.3
Historicals,9,19,1,5.3
Historicals,9,20,1,5.3
Historicals,9,21,1,5.4
Historicals,9,22,1,5.5
Historicals,11,3,1,2.7
Historicals,11,4,1,2.7
Historicals,11,5,1,2.8
Historicals,11,6,1,2.7
Historicals,11,7,1,2.7
Historicals,11,8,1,3.1
Historicals,11,9,1,3.8
Historicals,11,10,1,3.7
Historicals,11,11,1,3.7
Historicals,11,12,1,4.0
Historicals,11,13,1,4.6
Historicals,11,14,1,3.9
Historicals,11,15,1,3.7
Historicals,11,16,1,3.8
Historicals,11,17,1,4.2
Historicals,11,18,1,3.5
Historicals,11,19,1,3.3
Historicals,11,20,1,3.5
Historicals,11,21,1,3.8
Historicals,11,22,1,3.2
Historicals,13,3,1,2.4
Historicals,13,4,1,4.0
Historicals,13,5,1,2.7
Historicals,13,6,1,1.6
Historicals,13,7,1,2.4
Historicals,13,8,1,3.8
Historicals,13,9,1,2.3
Historicals,13,10,1,1.2
Historicals,13,11,1,2.2
Historicals,13,12,1,3.6
Historicals,13,13,1,2.2
Historicals,13,14,1,1.3
Historicals,13,15,1,2.6
Historicals,13,16,1,4.3
Historicals,13,17,1,2.8
Historicals,13,18,1,1.7
Historicals,13,19,1,3.0
Historicals,13,20,1,4.7
Historicals,13,21,1,3.1
Historicals,13,22,1,1.9
Historicals,17,3,1,24.7
Historicals,17,4,1,20.0
Historicals,17,5,1,23.6
Historicals,17,6,1,34.1
Historicals,17,7,1,20.0
Historicals,17,8,1,20.0
Historicals,17,9,1,20.0
Historicals,17,10,1,29.5
Historicals,17,11,1,20.0
Historicals,17,12,1,20.0
Historicals,17,13,1,20.0
Historicals,17,14,1,26.7
Historicals,17,15,1,20.0
Historicals,17,16,1,20.0
Historicals,17,17,1,20.0
Historicals,17,18,1,27.9
Historicals,17,19,1,20.0
Historicals,17,20,1,20.0
Historicals,17,21,1,20.0
Historicals,17,22,1,29.4
Analysis,57,2,1,29.4
Forecast,49,2,1,29.4
Forecast,124,3,1,29.4
Forecast,183,3,1,29.4
Historicals,18,3,1,58.7
Historicals,18,4,1,79.8
Historicals,18,5,1,62.2
Historicals,18,6,1,46.6
Historicals,18,7,1,62.1
Historicals,18,8,1,82.4
Historicals,18,9,1,64.1
Historicals,18,10,1,48.2
Historicals,18,11,1,63.7
Historicals,18,12,1,84.4
Historicals,18,13,1,65.3
Historicals,18,14,1,49.9
Historicals,18,15,1,65.2
Historicals,18,16,1,87.8
Historicals,18,17,1,68.7
Historicals,18,18,1,52.2
Historicals,18,19,1,69.5
Historicals,18,20,1,92.9
Historicals,18,21,1,72.2
Historicals,18,22,1,54.9
Analysis,58,2,1,54.9
Forecast,50,2,1,54.9
Historicals,19,3,1,70.4
Historicals,19,4,1,95.7
Historicals,19,5,1,74.6
Historicals,19,6,1,56.0
Historicals,19,7,1,75.8
Historicals,19,8,1,100.5
Historicals,19,9,1,78.3
Historicals,19,10,1,58.8
Historicals,19,11,1,77.7
Historicals,19,12,1,103.0
Historicals,19,13,1,79.6
Historicals,19,14,1,60.9
Historicals,19,15,1,78.2
Historicals,19,16,1,105.3
Historicals,19,17,1,82.4
Historicals,19,18,1,62.7
Historicals,19,19,1,83.5
Historicals,19,20,1,111.5
Historicals,19,21,1,86.7
Historicals,19,22,1,65.9
Analysis,59,2,1,65.9
Forecast,51,2,1,65.9
Historicals,20,3,1,200.3
Historicals,20,4,1,202.6
Historicals,20,5,1,203.2
Historicals,20,6,1,202.4
Historicals,20,7,1,202.9
Historicals,20,8,1,205.3
Historicals,20,9,1,206.1
Historicals,20,10,1,205.3
Historicals,20,11,1,205.9
Historicals,20,12,1,208.5
Historicals,20,13,1,209.3
Historicals,20,14,1,208.7
Historicals,20,15,1,209.4
Historicals,20,16,1,212.2
Historicals,20,17,1,213.2
Historicals,20,18,1,212.7
Historicals,20,19,1,213.7
Historicals,20,20,1,216.9
Historicals,20,21,1,218.1
Historicals,20,22,1,217.6
Analysis,60,2,1,217.6
Forecast,52,2,1,217.6
Forecast,87,3,1,217.6
Historicals,22,3,1,32.0
Historicals,22,4,1,43.5
Historicals,22,5,1,33.9
Historicals,22,6,1,25.4
Historicals,22,7,1,34.4
Historicals,22,8,1,45.7
Historicals,22,9,1,35.6
Historicals,22,10,1,26.7
Historicals,22,11,1,35.3
Historicals,22,12,1,46.8
Historicals,22,13,1,36.2
Historicals,22,14,1,27.7
Historicals,22,15,1,35.5
Historicals,22,16,1,47.9
Historicals,22,17,1,37.4
Historicals,22,18,1,28.5
Historicals,22,19,1,37.9
Historicals,22,20,1,50.7
Historicals,22,21,1,39.4
Historicals,22,22,1,29.9
Analysis,61,2,1,29.9
Forecast,53,2,1,29.9
Historicals,23,3,1,0.0
Historicals,23,4,1,22.9
Historicals,23,5,1,0.0
Historicals,23,6,1,0.0
Historicals,23,7,1,8.1
Historicals,23,8,1,35.5
Historicals,23,9,1,5.4
Historicals,23,10,1,0.0
Historicals,23,11,1,12.7
Historicals,23,12,1,41.3
Historicals,23,13,1,10.1
Historicals,23,14,1,0.0
Historicals,23,15,1,13.4
Historicals,23,16,1,43.1
Historicals,23,17,1,10.7
Historicals,23,18,1,0.0
Historicals,23,19,1,15.4
Historicals,23,20,1,45.5
Historicals,23,21,1,9.6
Historicals,23,22,1,0.0
Analysis,62,2,1,0.0
Forecast,54,2,1,0.0
Forecast,129,3,1,0.0
Historicals,24,3,1,60.0
Historicals,24,4,1,60.0
Historicals,24,5,1,60.0
Historicals,24,6,1,60.0
Historicals,24,7,1,60.0
Historicals,24,8,1,60.0
Historicals,24,9,1,60.0
Historicals,24,10,1,60.0
Historicals,24,11,1,60.0
Historicals,24,12,1,60.0
Historicals,24,13,1,60.0
Historicals,24,14,1,60.0
Historicals,24,15,1,60.0
Historicals,24,16,1,60.0
Historicals,24,17,1,60.0
Historicals,24,18,1,60.0
Historicals,24,19,1,60.0
Historicals,24,20,1,60.0
Historicals,24,21,1,60.0
Historicals,24,22,1,60.0
Analysis,63,2,1,60.0
Forecast,55,2,1,60.0
Forecast,99,3,1,60.0
Historicals,25,3,1,80.0
Historicals,25,4,1,80.0
Historicals,25,5,1,80.0
Historicals,25,6,1,80.0
Historicals,25,7,1,80.0
Historicals,25,8,1,80.0
Historicals,25,9,1,80.0
Historicals,25,10,1,80.0
Historicals,25,11,1,80.0
Historicals,25,12,1,80.0
Historicals,25,13,1,80.0
Historicals,25,14,1,80.0
Historicals,25,15,1,80.0
Historicals,25,16,1,80.0
Historicals,25,17,1,80.0
Historicals,25,18,1,80.0
Historicals,25,19,1,80.0
Historicals,25,20,1,80.0
Historicals,25,21,1,80.0
Historicals,25,22,1,80.0
Analysis,64,2,1,80.0
Forecast,56,2,1,80.0
Forecast,104,3,1,80.0
Historicals,26,3,1,117.5
Historicals,26,4,1,115.0
Historicals,26,5,1,112.5
Historicals,26,6,1,110.0
Historicals,26,7,1,107.5
Historicals,26,8,1,105.0
Historicals,26,9,1,102.5
Historicals,26,10,1,100.0
Historicals,26,11,1,97.5
Historicals,26,12,1,95.0
Historicals,26,13,1,92.5
Historicals,26,14,1,90.0
Historicals,26,15,1,87.5
Historicals,26,16,1,85.0
Historicals,26,17,1,82.5
Historicals,26,18,1,80.0
Historicals,26,19,1,77.5
Historicals,26,20,1,75.0
Historicals,26,21,1,72.5
Historicals,26,22,1,70.0
Analysis,65,2,1,70.0
Forecast,57,2,1,70.0
Forecast,108,3,1,70.0
Historicals,27,3,1,64.6
Historicals,27,4,1,76.7
Historicals,27,5,1,77.2
Historicals,27,6,1,63.7
Historicals,27,7,1,70.8
Historicals,27,8,1,82.0
Historicals,27,9,1,85.0
Historicals,27,10,1,75.1
Historicals,27,11,1,81.8
Historicals,27,12,1,92.8
Historicals,27,13,1,95.4
Historicals,27,14,1,88.5
Historicals,27,15,1,96.4
Historicals,27,16,1,109.3
Historicals,27,17,1,113.7
Historicals,27,18,1,107.0
Historicals,27,19,1,115.9
Historicals,27,20,1,130.1
Historicals,27,21,1,135.5
Historicals,27,22,1,127.9
Analysis,66,2,1,127.9
Forecast,58,2,1,127.9
Forecast,137,3,1,127.9
Historicals,32,3,1,5.3
Historicals,32,4,1,7.3
Historicals,32,5,1,5.7
Historicals,32,6,1,4.3
Historicals,32,7,1,5.6
Historicals,32,8,1,7.5
Historicals,32,9,1,5.9
Historicals,32,10,1,4.4
Historicals,32,11,1,5.7
Historicals,32,12,1,7.7
Historicals,32,13,1,6.0
Historicals,32,14,1,4.6
Historicals,32,15,1,5.9
Historicals,32,16,1,8.0
Historicals,32,17,1,6.3
Historicals,32,18,1,4.8
Historicals,32,19,1,6.3
Historicals,32,20,1,8.5
Historicals,32,21,1,6.6
Historicals,32,22,1,5.0
Historicals,33,3,1,4.0
Historicals,33,4,1,0.0
Historicals,33,5,1,4.0
Historicals,33,6,1,4.0
Historicals,33,7,1,0.0
Historicals,33,8,1,0.0
Historicals,33,9,1,4.0
Historicals,33,10,1,4.0
Historicals,33,11,1,0.0
Historicals,33,12,1,0.0
Historicals,33,13,1,4.0
Historicals,33,14,1,4.0
Historicals,33,15,1,0.0
Historicals,33,16,1,0.0
Historicals,33,17,1,4.0
Historicals,33,18,1,4.0
Historicals,33,19,1,0.0
Historicals,33,20,1,0.0
Historicals,33,21,1,4.0
Historicals,33,22,1,4.0
Historicals,34,3,1,4.6
Historicals,34,4,1,0.0
Historicals,34,5,1,3.6
Historicals,34,6,1,14.1
Historicals,34,7,1,0.0
Historicals,34,8,1,0.0
Historicals,34,9,1,0.0
Historicals,34,10,1,9.5
Historicals,34,11,1,0.0
Historicals,34,12,1,0.0
Historicals,34,13,1,0.0
Historicals,34,14,1,6.7
Historicals,34,15,1,0.0
Historicals,34,16,1,0.0
Historicals,34,17,1,0.0
Historicals,34,18,1,7.9
Historicals,34,19,1,0.0
Historicals,34,20,1,0.0
Historicals,34,21,1,0.0
Historicals,34,22,1,9.5
Assumptions,1,3,1,46112.0
Forecast,1,3,1,46112.0
Assumptions,1,4,1,46203.0
Forecast,1,4,1,46203.0
Assumptions,1,5,1,46295.0
Forecast,1,5,1,46295.0
Assumptions,1,6,1,46387.0
Forecast,1,6,1,46387.0
Assumptions,1,7,1,46477.0
Forecast,1,7,1,46477.0
Assumptions,1,8,1,46568.0
Forecast,1,8,1,46568.0
Assumptions,1,9,1,46660.0
Forecast,1,9,1,46660.0
Assumptions,1,10,1,46752.0
Forecast,1,10,1,46752.0
Assumptions,1,11,1,46843.0
Forecast,1,11,1,46843.0
Assumptions,1,12,1,46934.0
Forecast,1,12,1,46934.0
Assumptions,1,13,1,47026.0
Forecast,1,13,1,47026.0
Assumptions,1,14,1,47118.0
Forecast,1,14,1,47118.0
Assumptions,1,15,1,47208.0
Forecast,1,15,1,47208.0
Assumptions,1,16,1,47299.0
Forecast,1,16,1,47299.0
Assumptions,1,17,1,47391.0
Forecast,1,17,1,47391.0
Assumptions,1,18,1,47483.0
Forecast,1,18,1,47483.0
Assumptions,1,19,1,47573.0
Forecast,1,19,1,47573.0
Assumptions,1,20,1,47664.0
Forecast,1,20,1,47664.0
Assumptions,1,21,1,47756.0
Forecast,1,21,1,47756.0
Assumptions,1,22,1,47848.0
Forecast,1,22,1,47848.0
Assumptions,4,3,1,0.0
Forecast,4,3,1,0.0
Assumptions,4,4,1,0.0
Forecast,4,4,1,0.0
Assumptions,4,5,1,0.0
Forecast,4,5,1,0.0
Assumptions,4,6,1,0.0
Forecast,4,6,1,0.0
Assumptions,4,7,1,0.0
Forecast,4,7,1,0.0
Assumptions,4,8,1,0.0
Forecast,4,8,1,0.0
Assumptions,4,9,1,0.0
Forecast,4,9,1,0.0
Assumptions,4,10,1,0.0
Forecast,4,10,1,0.0
Assumptions,4,11,1,0.0
Forecast,4,11,1,0.0
Assumptions,4,12,1,0.0
Forecast,4,12,1,0.0
Assumptions,4,13,1,0.0
Forecast,4,13,1,0.0
Assumptions,4,14,1,0.0
Forecast,4,14,1,0.0
Assumptions,4,15,1,0.0
Forecast,4,15,1,0.0
Assumptions,4,16,1,0.0
Forecast,4,16,1,0.0
Assumptions,4,17,1,0.0
Forecast,4,17,1,0.0
Assumptions,4,18,1,0.0
Forecast,4,18,1,0.0
Assumptions,4,19,1,0.0
Forecast,4,19,1,0.0
Assumptions,4,20,1,0.0
Forecast,4,20,1,0.0
Assumptions,4,21,1,0.0
Forecast,4,21,1,0.0
Assumptions,4,22,1,0.0
Forecast,4,22,1,0.0
Assumptions,5,3,1,0.018
Forecast,5,3,1,0.018
Assumptions,5,4,1,0.016
Forecast,5,4,1,0.016
Assumptions,5,5,1,0.015
Forecast,5,5,1,0.015
Assumptions,5,6,1,0.016
Forecast,5,6,1,0.016
Assumptions,5,7,1,0.018
Forecast,5,7,1,0.018
Assumptions,5,8,1,0.02
Forecast,5,8,1,0.02
Assumptions,5,9,1,0.021
Forecast,5,9,1,0.021
Assumptions,5,10,1,0.022
Forecast,5,10,1,0.022
Assumptions,5,11,1,0.02
Forecast,5,11,1,0.02
Assumptions,5,12,1,0.02
Forecast,5,12,1,0.02
Assumptions,5,13,1,0.02
Forecast,5,13,1,0.02
Assumptions,5,14,1,0.02
Forecast,5,14,1,0.02
Assumptions,5,15,1,0.02
Forecast,5,15,1,0.02
Assumptions,5,16,1,0.02
Forecast,5,16,1,0.02
Assumptions,5,17,1,0.02
Forecast,5,17,1,0.02
Assumptions,5,18,1,0.02
Forecast,5,18,1,0.02
Assumptions,5,19,1,0.02
Forecast,5,19,1,0.02
Assumptions,5,20,1,0.02
Forecast,5,20,1,0.02
Assumptions,5,21,1,0.02
Forecast,5,21,1,0.02
Assumptions,5,22,1,0.02
Forecast,5,22,1,0.02
Assumptions,6,3,1,0.025
Forecast,6,3,1,0.025
Assumptions,6,4,1,0.024
Forecast,6,4,1,0.024
Assumptions,6,5,1,0.023
Forecast,6,5,1,0.023
Assumptions,6,6,1,0.022
Forecast,6,6,1,0.022
Assumptions,6,7,1,0.022
Forecast,6,7,1,0.022
Assumptions,6,8,1,0.023
Forecast,6,8,1,0.023
Assumptions,6,9,1,0.024
Forecast,6,9,1,0.024
Assumptions,6,10,1,0.025
Forecast,6,10,1,0.025
Assumptions,6,11,1,0.025
Forecast,6,11,1,0.025
Assumptions,6,12,1,0.025
Forecast,6,12,1,0.025
Assumptions,6,13,1,0.025
Forecast,6,13,1,0.025
Assumptions,6,14,1,0.025
Forecast,6,14,1,0.025
Assumptions,6,15,1,0.025
Forecast,6,15,1,0.025
Assumptions,6,16,1,0.025
Forecast,6,16,1,0.025
Assumptions,6,17,1,0.025
Forecast,6,17,1,0.025
Assumptions,6,18,1,0.025
Forecast,6,18,1,0.025
Assumptions,6,19,1,0.025
Forecast,6,19,1,0.025
Assumptions,6,20,1,0.025
Forecast,6,20,1,0.025
Assumptions,6,21,1,0.025
Forecast,6,21,1,0.025
Assumptions,6,22,1,0.025
Forecast,6,22,1,0.025
Assumptions,23,3,1,0.04
Forecast,19,3,1,0.04
Assumptions,23,4,1,0.0375
Forecast,19,4,1,0.0375
Assumptions,23,5,1,0.035
Forecast,19,5,1,0.035
Assumptions,23,6,1,0.0325
Forecast,19,6,1,0.0325
Assumptions,23,7,1,0.03
Forecast,19,7,1,0.03
Assumptions,23,8,1,0.03
Forecast,19,8,1,0.03
Assumptions,23,9,1,0.03
Forecast,19,9,1,0.03
Assumptions,23,10,1,0.03
Forecast,19,10,1,0.03
Assumptions,23,11,1,0.03
Forecast,19,11,1,0.03
Assumptions,23,12,1,0.03
Forecast,19,12,1,0.03
Assumptions,23,13,1,0.03
Forecast,19,13,1,0.03
Assumptions,23,14,1,0.03
Forecast,19,14,1,0.03
Assumptions,23,15,1,0.03
Forecast,19,15,1,0.03
Assumptions,23,16,1,0.03
Forecast,19,16,1,0.03
Assumptions,23,17,1,0.03
Forecast,19,17,1,0.03
Assumptions,23,18,1,0.03
Forecast,19,18,1,0.03
Assumptions,23,19,1,0.03
Forecast,19,19,1,0.03
Assumptions,23,20,1,0.03
Forecast,19,20,1,0.03
Assumptions,23,21,1,0.03
Forecast,19,21,1,0.03
Assumptions,23,22,1,0.03
Forecast,19,22,1,0.03
Assumptions,33,2,1,8.0
Forecast,29,2,1,8.0
Assumptions,34,2,1,18.0
Forecast,30,2,1,18.0
Assumptions,7,2,1,1.5
Assumptions,7,3,1,1.5
Forecast,7,3,1,1.5
Assumptions,7,4,1,1.5
Forecast,7,4,1,1.5
Assumptions,7,5,1,1.5
Forecast,7,5,1,1.5
Assumptions,7,6,1,1.5
Forecast,7,6,1,1.5
Assumptions,7,7,1,1.5
Forecast,7,7,1,1.5
Assumptions,7,8,1,1.5
Forecast,7,8,1,1.5
Assumptions,7,9,1,1.5
Forecast,7,9,1,1.5
Assumptions,7,10,1,1.5
Forecast,7,10,1,1.5
Assumptions,7,11,1,1.5
Forecast,7,11,1,1.5
Assumptions,7,12,1,1.5
Forecast,7,12,1,1.5
Assumptions,7,13,1,1.5
Forecast,7,13,1,1.5
Assumptions,7,14,1,1.5
Forecast,7,14,1,1.5
Assumptions,7,15,1,1.5
Forecast,7,15,1,1.5
Assumptions,7,16,1,1.5
Forecast,7,16,1,1.5
Assumptions,7,17,1,1.5
Forecast,7,17,1,1.5
Assumptions,7,18,1,1.5
Forecast,7,18,1,1.5
Assumptions,7,19,1,1.5
Forecast,7,19,1,1.5
Assumptions,7,20,1,1.5
Forecast,7,20,1,1.5
Assumptions,7,21,1,1.5
Forecast,7,21,1,1.5
Assumptions,7,22,1,1.5
Forecast,7,22,1,1.5
Assumptions,8,2,1,-0.5
Assumptions,8,3,1,-0.5
Forecast,8,3,1,-0.5
Assumptions,8,4,1,-0.5
Forecast,8,4,1,-0.5
Assumptions,8,5,1,-0.5
Forecast,8,5,1,-0.5
Assumptions,8,6,1,-0.5
Forecast,8,6,1,-0.5
Assumptions,8,7,1,-0.5
Forecast,8,7,1,-0.5
Assumptions,8,8,1,-0.5
Forecast,8,8,1,-0.5
Assumptions,8,9,1,-0.5
Forecast,8,9,1,-0.5
Assumptions,8,10,1,-0.5
Forecast,8,10,1,-0.5
Assumptions,8,11,1,-0.5
Forecast,8,11,1,-0.5
Assumptions,8,12,1,-0.5
Forecast,8,12,1,-0.5
Assumptions,8,13,1,-0.5
Forecast,8,13,1,-0.5
Assumptions,8,14,1,-0.5
Forecast,8,14,1,-0.5
Assumptions,8,15,1,-0.5
Forecast,8,15,1,-0.5
Assumptions,8,16,1,-0.5
Forecast,8,16,1,-0.5
Assumptions,8,17,1,-0.5
Forecast,8,17,1,-0.5
Assumptions,8,18,1,-0.5
Forecast,8,18,1,-0.5
Assumptions,8,19,1,-0.5
Forecast,8,19,1,-0.5
Assumptions,8,20,1,-0.5
Forecast,8,20,1,-0.5
Assumptions,8,21,1,-0.5
Forecast,8,21,1,-0.5
Assumptions,8,22,1,-0.5
Forecast,8,22,1,-0.5
Assumptions,9,2,1,0.6
Assumptions,9,3,1,0.6
Forecast,9,3,1,0.6
Assumptions,9,4,1,0.6
Forecast,9,4,1,0.6
Assumptions,9,5,1,0.6
Forecast,9,5,1,0.6
Assumptions,9,6,1,0.6
Forecast,9,6,1,0.6
Assumptions,9,7,1,0.6
Forecast,9,7,1,0.6
Assumptions,9,8,1,0.6
Forecast,9,8,1,0.6
Assumptions,9,9,1,0.6
Forecast,9,9,1,0.6
Assumptions,9,10,1,0.6
Forecast,9,10,1,0.6
Assumptions,9,11,1,0.6
Forecast,9,11,1,0.6
Assumptions,9,12,1,0.6
Forecast,9,12,1,0.6
Assumptions,9,13,1,0.6
Forecast,9,13,1,0.6
Assumptions,9,14,1,0.6
Forecast,9,14,1,0.6
Assumptions,9,15,1,0.6
Forecast,9,15,1,0.6
Assumptions,9,16,1,0.6
Forecast,9,16,1,0.6
Assumptions,9,17,1,0.6
Forecast,9,17,1,0.6
Assumptions,9,18,1,0.6
Forecast,9,18,1,0.6
Assumptions,9,19,1,0.6
Forecast,9,19,1,0.6
Assumptions,9,20,1,0.6
Forecast,9,20,1,0.6
Assumptions,9,21,1,0.6
Forecast,9,21,1,0.6
Assumptions,9,22,1,0.6
Forecast,9,22,1,0.6
Assumptions,10,2,1,-0.3
Assumptions,10,3,1,-0.3
Forecast,10,3,1,-0.3
Assumptions,10,4,1,-0.3
Forecast,10,4,1,-0.3
Assumptions,10,5,1,-0.3
Forecast,10,5,1,-0.3
Assumptions,10,6,1,-0.3
Forecast,10,6,1,-0.3
Assumptions,10,7,1,-0.3
Forecast,10,7,1,-0.3
Assumptions,10,8,1,-0.3
Forecast,10,8,1,-0.3
Assumptions,10,9,1,-0.3
Forecast,10,9,1,-0.3
Assumptions,10,10,1,-0.3
Forecast,10,10,1,-0.3
Assumptions,10,11,1,-0.3
Forecast,10,11,1,-0.3
Assumptions,10,12,1,-0.3
Forecast,10,12,1,-0.3
Assumptions,10,13,1,-0.3
Forecast,10,13,1,-0.3
Assumptions,10,14,1,-0.3
Forecast,10,14,1,-0.3
Assumptions,10,15,1,-0.3
Forecast,10,15,1,-0.3
Assumptions,10,16,1,-0.3
Forecast,10,16,1,-0.3
Assumptions,10,17,1,-0.3
Forecast,10,17,1,-0.3
Assumptions,10,18,1,-0.3
Forecast,10,18,1,-0.3
Assumptions,10,19,1,-0.3
Forecast,10,19,1,-0.3
Assumptions,10,20,1,-0.3
Forecast,10,20,1,-0.3
Assumptions,10,21,1,-0.3
Forecast,10,21,1,-0.3
Assumptions,10,22,1,-0.3
Forecast,10,22,1,-0.3
Assumptions,13,2,1,0.6
Assumptions,13,3,1,0.6
Forecast,11,3,1,0.6
Assumptions,13,4,1,0.6
Forecast,11,4,1,0.6
Assumptions,13,5,1,0.6
Forecast,11,5,1,0.6
Assumptions,13,6,1,0.6
Forecast,11,6,1,0.6
Assumptions,13,7,1,0.6
Forecast,11,7,1,0.6
Assumptions,13,8,1,0.6
Forecast,11,8,1,0.6
Assumptions,13,9,1,0.6
Forecast,11,9,1,0.6
Assumptions,13,10,1,0.6
Forecast,11,10,1,0.6
Assumptions,13,11,1,0.6
Forecast,11,11,1,0.6
Assumptions,13,12,1,0.6
Forecast,11,12,1,0.6
Assumptions,13,13,1,0.6
Forecast,11,13,1,0.6
Assumptions,13,14,1,0.6
Forecast,11,14,1,0.6
Assumptions,13,15,1,0.6
Forecast,11,15,1,0.6
Assumptions,13,16,1,0.6
Forecast,11,16,1,0.6
Assumptions,13,17,1,0.6
Forecast,11,17,1,0.6
Assumptions,13,18,1,0.6
Forecast,11,18,1,0.6
Assumptions,13,19,1,0.6
Forecast,11,19,1,0.6
Assumptions,13,20,1,0.6
Forecast,11,20,1,0.6
Assumptions,13,21,1,0.6
Forecast,11,21,1,0.6
Assumptions,13,22,1,0.6
Forecast,11,22,1,0.6
Assumptions,14,2,1,0.22
Assumptions,14,3,1,0.22
Forecast,12,3,1,0.22
Assumptions,14,4,1,0.22
Forecast,12,4,1,0.22
Assumptions,14,5,1,0.22
Forecast,12,5,1,0.22
Assumptions,14,6,1,0.22
Forecast,12,6,1,0.22
Assumptions,14,7,1,0.22
Forecast,12,7,1,0.22
Assumptions,14,8,1,0.22
Forecast,12,8,1,0.22
Assumptions,14,9,1,0.22
Forecast,12,9,1,0.22
Assumptions,14,10,1,0.22
Forecast,12,10,1,0.22
Assumptions,14,11,1,0.22
Forecast,12,11,1,0.22
Assumptions,14,12,1,0.22
Forecast,12,12,1,0.22
Assumptions,14,13,1,0.22
Forecast,12,13,1,0.22
Assumptions,14,14,1,0.22
Forecast,12,14,1,0.22
Assumptions,14,15,1,0.22
Forecast,12,15,1,0.22
Assumptions,14,16,1,0.22
Forecast,12,16,1,0.22
Assumptions,14,17,1,0.22
Forecast,12,17,1,0.22
Assumptions,14,18,1,0.22
Forecast,12,18,1,0.22
Assumptions,14,19,1,0.22
Forecast,12,19,1,0.22
Assumptions,14,20,1,0.22
Forecast,12,20,1,0.22
Assumptions,14,21,1,0.22
Forecast,12,21,1,0.22
Assumptions,14,22,1,0.22
Forecast,12,22,1,0.22
Assumptions,15,2,1,0.025
Assumptions,15,3,1,0.025
Forecast,13,3,1,0.025
Assumptions,15,4,1,0.025
Forecast,13,4,1,0.025
Assumptions,15,5,1,0.025
Forecast,13,5,1,0.025
Assumptions,15,6,1,0.025
Forecast,13,6,1,0.025
Assumptions,15,7,1,0.025
Forecast,13,7,1,0.025
Assumptions,15,8,1,0.025
Forecast,13,8,1,0.025
Assumptions,15,9,1,0.025
Forecast,13,9,1,0.025
Assumptions,15,10,1,0.025
Forecast,13,10,1,0.025
Assumptions,15,11,1,0.025
Forecast,13,11,1,0.025
Assumptions,15,12,1,0.025
Forecast,13,12,1,0.025
Assumptions,15,13,1,0.025
Forecast,13,13,1,0.025
Assumptions,15,14,1,0.025
Forecast,13,14,1,0.025
Assumptions,15,15,1,0.025
Forecast,13,15,1,0.025
Assumptions,15,16,1,0.025
Forecast,13,16,1,0.025
Assumptions,15,17,1,0.025
Forecast,13,17,1,0.025
Assumptions,15,18,1,0.025
Forecast,13,18,1,0.025
Assumptions,15,19,1,0.025
Forecast,13,19,1,0.025
Assumptions,15,20,1,0.025
Forecast,13,20,1,0.025
Assumptions,15,21,1,0.025
Forecast,13,21,1,0.025
Assumptions,15,22,1,0.025
Forecast,13,22,1,0.025
Assumptions,16,2,1,0.055
Assumptions,16,3,1,0.055
Forecast,14,3,1,0.055
Assumptions,16,4,1,0.055
Forecast,14,4,1,0.055
Assumptions,16,5,1,0.055
Forecast,14,5,1,0.055
Assumptions,16,6,1,0.055
Forecast,14,6,1,0.055
Assumptions,16,7,1,0.055
Forecast,14,7,1,0.055
Assumptions,16,8,1,0.055
Forecast,14,8,1,0.055
Assumptions,16,9,1,0.055
Forecast,14,9,1,0.055
Assumptions,16,10,1,0.055
Forecast,14,10,1,0.055
Assumptions,16,11,1,0.055
Forecast,14,11,1,0.055
Assumptions,16,12,1,0.055
Forecast,14,12,1,0.055
Assumptions,16,13,1,0.055
Forecast,14,13,1,0.055
Assumptions,16,14,1,0.055
Forecast,14,14,1,0.055
Assumptions,16,15,1,0.055
Forecast,14,15,1,0.055
Assumptions,16,16,1,0.055
Forecast,14,16,1,0.055
Assumptions,16,17,1,0.055
Forecast,14,17,1,0.055
Assumptions,16,18,1,0.055
Forecast,14,18,1,0.055
Assumptions,16,19,1,0.055
Forecast,14,19,1,0.055
Assumptions,16,20,1,0.055
Forecast,14,20,1,0.055
Assumptions,16,21,1,0.055
Forecast,14,21,1,0.055
Assumptions,16,22,1,0.055
Forecast,14,22,1,0.055
Assumptions,17,2,1,0.25
Assumptions,17,3,1,0.25
Forecast,15,3,1,0.25
Assumptions,17,4,1,0.25
Forecast,15,4,1,0.25
Assumptions,17,5,1,0.25
Forecast,15,5,1,0.25
Assumptions,17,6,1,0.25
Forecast,15,6,1,0.25
Assumptions,17,7,1,0.25
Forecast,15,7,1,0.25
Assumptions,17,8,1,0.25
Forecast,15,8,1,0.25
Assumptions,17,9,1,0.25
Forecast,15,9,1,0.25
Assumptions,17,10,1,0.25
Forecast,15,10,1,0.25
Assumptions,17,11,1,0.25
Forecast,15,11,1,0.25
Assumptions,17,12,1,0.25
Forecast,15,12,1,0.25
Assumptions,17,13,1,0.25
Forecast,15,13,1,0.25
Assumptions,17,14,1,0.25
Forecast,15,14,1,0.25
Assumptions,17,15,1,0.25
Forecast,15,15,1,0.25
Assumptions,17,16,1,0.25
Forecast,15,16,1,0.25
Assumptions,17,17,1,0.25
Forecast,15,17,1,0.25
Assumptions,17,18,1,0.25
Forecast,15,18,1,0.25
Assumptions,17,19,1,0.25
Forecast,15,19,1,0.25
Assumptions,17,20,1,0.25
Forecast,15,20,1,0.25
Assumptions,17,21,1,0.25
Forecast,15,21,1,0.25
Assumptions,17,22,1,0.25
Forecast,15,22,1,0.25
Assumptions,18,2,1,55.0
Assumptions,18,3,1,55.0
Forecast,16,3,1,55.0
Assumptions,18,4,1,55.0
Forecast,16,4,1,55.0
Assumptions,18,5,1,55.0
Forecast,16,5,1,55.0
Assumptions,18,6,1,55.0
Forecast,16,6,1,55.0
Assumptions,18,7,1,55.0
Forecast,16,7,1,55.0
Assumptions,18,8,1,55.0
Forecast,16,8,1,55.0
Assumptions,18,9,1,55.0
Forecast,16,9,1,55.0
Assumptions,18,10,1,55.0
Forecast,16,10,1,55.0
Assumptions,18,11,1,55.0
Forecast,16,11,1,55.0
Assumptions,18,12,1,55.0
Forecast,16,12,1,55.0
Assumptions,18,13,1,55.0
Forecast,16,13,1,55.0
Assumptions,18,14,1,55.0
Forecast,16,14,1,55.0
Assumptions,18,15,1,55.0
Forecast,16,15,1,55.0
Assumptions,18,16,1,55.0
Forecast,16,16,1,55.0
Assumptions,18,17,1,55.0
Forecast,16,17,1,55.0
Assumptions,18,18,1,55.0
Forecast,16,18,1,55.0
Assumptions,18,19,1,55.0
Forecast,16,19,1,55.0
Assumptions,18,20,1,55.0
Forecast,16,20,1,55.0
Assumptions,18,21,1,55.0
Forecast,16,21,1,55.0
Assumptions,18,22,1,55.0
Forecast,16,22,1,55.0
Assumptions,19,2,1,110.0
Assumptions,19,3,1,110.0
Forecast,17,3,1,110.0
Assumptions,19,4,1,110.0
Forecast,17,4,1,110.0
Assumptions,19,5,1,110.0
Forecast,17,5,1,110.0
Assumptions,19,6,1,110.0
Forecast,17,6,1,110.0
Assumptions,19,7,1,110.0
Forecast,17,7,1,110.0
Assumptions,19,8,1,110.0
Forecast,17,8,1,110.0
Assumptions,19,9,1,110.0
Forecast,17,9,1,110.0
Assumptions,19,10,1,110.0
Forecast,17,10,1,110.0
Assumptions,19,11,1,110.0
Forecast,17,11,1,110.0
Assumptions,19,12,1,110.0
Forecast,17,12,1,110.0
Assumptions,19,13,1,110.0
Forecast,17,13,1,110.0
Assumptions,19,14,1,110.0
Forecast,17,14,1,110.0
Assumptions,19,15,1,110.0
Forecast,17,15,1,110.0
Assumptions,19,16,1,110.0
Forecast,17,16,1,110.0
Assumptions,19,17,1,110.0
Forecast,17,17,1,110.0
Assumptions,19,18,1,110.0
Forecast,17,18,1,110.0
Assumptions,19,19,1,110.0
Forecast,17,19,1,110.0
Assumptions,19,20,1,110.0
Forecast,17,20,1,110.0
Assumptions,19,21,1,110.0
Forecast,17,21,1,110.0
Assumptions,19,22,1,110.0
Forecast,17,22,1,110.0
Assumptions,20,2,1,50.0
Assumptions,20,3,1,50.0
Forecast,18,3,1,50.0
Assumptions,20,4,1,50.0
Forecast,18,4,1,50.0
Assumptions,20,5,1,50.0
Forecast,18,5,1,50.0
Assumptions,20,6,1,50.0
Forecast,18,6,1,50.0
Assumptions,20,7,1,50.0
Forecast,18,7,1,50.0
Assumptions,20,8,1,50.0
Forecast,18,8,1,50.0
Assumptions,20,9,1,50.0
Forecast,18,9,1,50.0
Assumptions,20,10,1,50.0
Forecast,18,10,1,50.0
Assumptions,20,11,1,50.0
Forecast,18,11,1,50.0
Assumptions,20,12,1,50.0
Forecast,18,12,1,50.0
Assumptions,20,13,1,50.0
Forecast,18,13,1,50.0
Assumptions,20,14,1,50.0
Forecast,18,14,1,50.0
Assumptions,20,15,1,50.0
Forecast,18,15,1,50.0
Assumptions,20,16,1,50.0
Forecast,18,16,1,50.0
Assumptions,20,17,1,50.0
Forecast,18,17,1,50.0
Assumptions,20,18,1,50.0
Forecast,18,18,1,50.0
Assumptions,20,19,1,50.0
Forecast,18,19,1,50.0
Assumptions,20,20,1,50.0
Forecast,18,20,1,50.0
Assumptions,20,21,1,50.0
Forecast,18,21,1,50.0
Assumptions,20,22,1,50.0
Forecast,18,22,1,50.0
Assumptions,24,2,1,0.0475
Assumptions,24,3,1,0.0475
Forecast,20,3,1,0.0475
Assumptions,24,4,1,0.0475
Forecast,20,4,1,0.0475
Assumptions,24,5,1,0.0475
Forecast,20,5,1,0.0475
Assumptions,24,6,1,0.0475
Forecast,20,6,1,0.0475
Assumptions,24,7,1,0.0475
Forecast,20,7,1,0.0475
Assumptions,24,8,1,0.0475
Forecast,20,8,1,0.0475
Assumptions,24,9,1,0.0475
Forecast,20,9,1,0.0475
Assumptions,24,10,1,0.0475
Forecast,20,10,1,0.0475
Assumptions,24,11,1,0.0475
Forecast,20,11,1,0.0475
Assumptions,24,12,1,0.0475
Forecast,20,12,1,0.0475
Assumptions,24,13,1,0.0475
Forecast,20,13,1,0.0475
Assumptions,24,14,1,0.0475
Forecast,20,14,1,0.0475
Assumptions,24,15,1,0.0475
Forecast,20,15,1,0.0475
Assumptions,24,16,1,0.0475
Forecast,20,16,1,0.0475
Assumptions,24,17,1,0.0475
Forecast,20,17,1,0.0475
Assumptions,24,18,1,0.0475
Forecast,20,18,1,0.0475
Assumptions,24,19,1,0.0475
Forecast,20,19,1,0.0475
Assumptions,24,20,1,0.0475
Forecast,20,20,1,0.0475
Assumptions,24,21,1,0.0475
Forecast,20,21,1,0.0475
Assumptions,24,22,1,0.0475
Forecast,20,22,1,0.0475
Assumptions,25,2,1,0.06
Assumptions,25,3,1,0.06
Forecast,21,3,1,0.06
Assumptions,25,4,1,0.06
Forecast,21,4,1,0.06
Assumptions,25,5,1,0.06
Forecast,21,5,1,0.06
Assumptions,25,6,1,0.06
Forecast,21,6,1,0.06
Assumptions,25,7,1,0.06
Forecast,21,7,1,0.06
Assumptions,25,8,1,0.06
Forecast,21,8,1,0.06
Assumptions,25,9,1,0.06
Forecast,21,9,1,0.06
Assumptions,25,10,1,0.06
Forecast,21,10,1,0.06
Assumptions,25,11,1,0.06
Forecast,21,11,1,0.06
Assumptions,25,12,1,0.06
Forecast,21,12,1,0.06
Assumptions,25,13,1,0.06
Forecast,21,13,1,0.06
Assumptions,25,14,1,0.06
Forecast,21,14,1,0.06
Assumptions,25,15,1,0.06
Forecast,21,15,1,0.06
Assumptions,25,16,1,0.06
Forecast,21,16,1,0.06
Assumptions,25,17,1,0.06
Forecast,21,17,1,0.06
Assumptions,25,18,1,0.06
Forecast,21,18,1,0.06
Assumptions,25,19,1,0.06
Forecast,21,19,1,0.06
Assumptions,25,20,1,0.06
Forecast,21,20,1,0.06
Assumptions,25,21,1,0.06
Forecast,21,21,1,0.06
Assumptions,25,22,1,0.06
Forecast,21,22,1,0.06
Assumptions,26,2,1,0.025
Assumptions,26,3,1,0.025
Forecast,22,3,1,0.025
Assumptions,26,4,1,0.025
Forecast,22,4,1,0.025
Assumptions,26,5,1,0.025
Forecast,22,5,1,0.025
Assumptions,26,6,1,0.025
Forecast,22,6,1,0.025
Assumptions,26,7,1,0.025
Forecast,22,7,1,0.025
Assumptions,26,8,1,0.025
Forecast,22,8,1,0.025
Assumptions,26,9,1,0.025
Forecast,22,9,1,0.025
Assumptions,26,10,1,0.025
Forecast,22,10,1,0.025
Assumptions,26,11,1,0.025
Forecast,22,11,1,0.025
Assumptions,26,12,1,0.025
Forecast,22,12,1,0.025
Assumptions,26,13,1,0.025
Forecast,22,13,1,0.025
Assumptions,26,14,1,0.025
Forecast,22,14,1,0.025
Assumptions,26,15,1,0.025
Forecast,22,15,1,0.025
Assumptions,26,16,1,0.025
Forecast,22,16,1,0.025
Assumptions,26,17,1,0.025
Forecast,22,17,1,0.025
Assumptions,26,18,1,0.025
Forecast,22,18,1,0.025
Assumptions,26,19,1,0.025
Forecast,22,19,1,0.025
Assumptions,26,20,1,0.025
Forecast,22,20,1,0.025
Assumptions,26,21,1,0.025
Forecast,22,21,1,0.025
Assumptions,26,22,1,0.025
Forecast,22,22,1,0.025
Assumptions,27,2,1,2.5
Assumptions,27,3,1,2.5
Forecast,23,3,1,2.5
Assumptions,27,4,1,2.5
Forecast,23,4,1,2.5
Assumptions,27,5,1,2.5
Forecast,23,5,1,2.5
Assumptions,27,6,1,2.5
Forecast,23,6,1,2.5
Assumptions,27,7,1,2.5
Forecast,23,7,1,2.5
Assumptions,27,8,1,2.5
Forecast,23,8,1,2.5
Assumptions,27,9,1,2.5
Forecast,23,9,1,2.5
Assumptions,27,10,1,2.5
Forecast,23,10,1,2.5
Assumptions,27,11,1,2.5
Forecast,23,11,1,2.5
Assumptions,27,12,1,2.5
Forecast,23,12,1,2.5
Assumptions,27,13,1,2.5
Forecast,23,13,1,2.5
Assumptions,27,14,1,2.5
Forecast,23,14,1,2.5
Assumptions,27,15,1,2.5
Forecast,23,15,1,2.5
Assumptions,27,16,1,2.5
Forecast,23,16,1,2.5
Assumptions,27,17,1,2.5
Forecast,23,17,1,2.5
Assumptions,27,18,1,2.5
Forecast,23,18,1,2.5
Assumptions,27,19,1,2.5
Forecast,23,19,1,2.5
Assumptions,27,20,1,2.5
Forecast,23,20,1,2.5
Assumptions,27,21,1,2.5
Forecast,23,21,1,2.5
Assumptions,27,22,1,2.5
Forecast,23,22,1,2.5
Assumptions,28,2,1,0.0175
Assumptions,28,3,1,0.0175
Forecast,24,3,1,0.0175
Assumptions,28,4,1,0.0175
Forecast,24,4,1,0.0175
Assumptions,28,5,1,0.0175
Forecast,24,5,1,0.0175
Assumptions,28,6,1,0.0175
Forecast,24,6,1,0.0175
Assumptions,28,7,1,0.0175
Forecast,24,7,1,0.0175
Assumptions,28,8,1,0.0175
Forecast,24,8,1,0.0175
Assumptions,28,9,1,0.0175
Forecast,24,9,1,0.0175
Assumptions,28,10,1,0.0175
Forecast,24,10,1,0.0175
Assumptions,28,11,1,0.0175
Forecast,24,11,1,0.0175
Assumptions,28,12,1,0.0175
Forecast,24,12,1,0.0175
Assumptions,28,13,1,0.0175
Forecast,24,13,1,0.0175
Assumptions,28,14,1,0.0175
Forecast,24,14,1,0.0175
Assumptions,28,15,1,0.0175
Forecast,24,15,1,0.0175
Assumptions,28,16,1,0.0175
Forecast,24,16,1,0.0175
Assumptions,28,17,1,0.0175
Forecast,24,17,1,0.0175
Assumptions,28,18,1,0.0175
Forecast,24,18,1,0.0175
Assumptions,28,19,1,0.0175
Forecast,24,19,1,0.0175
Assumptions,28,20,1,0.0175
Forecast,24,20,1,0.0175
Assumptions,28,21,1,0.0175
Forecast,24,21,1,0.0175
Assumptions,28,22,1,0.0175
Forecast,24,22,1,0.0175
Assumptions,29,2,1,150.0
Assumptions,29,3,1,150.0
Forecast,25,3,1,150.0
Assumptions,29,4,1,150.0
Forecast,25,4,1,150.0
Assumptions,29,5,1,150.0
Forecast,25,5,1,150.0
Assumptions,29,6,1,150.0
Forecast,25,6,1,150.0
Assumptions,29,7,1,150.0
Forecast,25,7,1,150.0
Assumptions,29,8,1,150.0
Forecast,25,8,1,150.0
Assumptions,29,9,1,150.0
Forecast,25,9,1,150.0
Assumptions,29,10,1,150.0
Forecast,25,10,1,150.0
Assumptions,29,11,1,150.0
Forecast,25,11,1,150.0
Assumptions,29,12,1,150.0
Forecast,25,12,1,150.0
Assumptions,29,13,1,150.0
Forecast,25,13,1,150.0
Assumptions,29,14,1,150.0
Forecast,25,14,1,150.0
Assumptions,29,15,1,150.0
Forecast,25,15,1,150.0
Assumptions,29,16,1,150.0
Forecast,25,16,1,150.0
Assumptions,29,17,1,150.0
Forecast,25,17,1,150.0
Assumptions,29,18,1,150.0
Forecast,25,18,1,150.0
Assumptions,29,19,1,150.0
Forecast,25,19,1,150.0
Assumptions,29,20,1,150.0
Forecast,25,20,1,150.0
Assumptions,29,21,1,150.0
Forecast,25,21,1,150.0
Assumptions,29,22,1,150.0
Forecast,25,22,1,150.0
Assumptions,30,2,1,20.0
Assumptions,30,3,1,20.0
Forecast,26,3,1,20.0
Assumptions,30,4,1,20.0
Forecast,26,4,1,20.0
Assumptions,30,5,1,20.0
Forecast,26,5,1,20.0
Assumptions,30,6,1,20.0
Forecast,26,6,1,20.0
Assumptions,30,7,1,20.0
Forecast,26,7,1,20.0
Assumptions,30,8,1,20.0
Forecast,26,8,1,20.0
Assumptions,30,9,1,20.0
Forecast,26,9,1,20.0
Assumptions,30,10,1,20.0
Forecast,26,10,1,20.0
Assumptions,30,11,1,20.0
Forecast,26,11,1,20.0
Assumptions,30,12,1,20.0
Forecast,26,12,1,20.0
Assumptions,30,13,1,20.0
Forecast,26,13,1,20.0
Assumptions,30,14,1,20.0
Forecast,26,14,1,20.0
Assumptions,30,15,1,20.0
Forecast,26,15,1,20.0
Assumptions,30,16,1,20.0
Forecast,26,16,1,20.0
Assumptions,30,17,1,20.0
Forecast,26,17,1,20.0
Assumptions,30,18,1,20.0
Forecast,26,18,1,20.0
Assumptions,30,19,1,20.0
Forecast,26,19,1,20.0
Assumptions,30,20,1,20.0
Forecast,26,20,1,20.0
Assumptions,30,21,1,20.0
Forecast,26,21,1,20.0
Assumptions,30,22,1,20.0
Forecast,26,22,1,20.0
Assumptions,31,2,1,4.0
Assumptions,31,3,1,4.0
Forecast,27,3,1,4.0
Assumptions,31,4,1,4.0
Forecast,27,4,1,4.0
Assumptions,31,5,1,4.0
Forecast,27,5,1,4.0
Assumptions,31,6,1,4.0
Forecast,27,6,1,4.0
Assumptions,31,7,1,4.0
Forecast,27,7,1,4.0
Assumptions,31,8,1,4.0
Forecast,27,8,1,4.0
Assumptions,31,9,1,4.0
Forecast,27,9,1,4.0
Assumptions,31,10,1,4.0
Forecast,27,10,1,4.0
Assumptions,31,11,1,4.0
Forecast,27,11,1,4.0
Assumptions,31,12,1,4.0
Forecast,27,12,1,4.0
Assumptions,31,13,1,4.0
Forecast,27,13,1,4.0
Assumptions,31,14,1,4.0
Forecast,27,14,1,4.0
Assumptions,31,15,1,4.0
Forecast,27,15,1,4.0
Assumptions,31,16,1,4.0
Forecast,27,16,1,4.0
Assumptions,31,17,1,4.0
Forecast,27,17,1,4.0
Assumptions,31,18,1,4.0
Forecast,27,18,1,4.0
Assumptions,31,19,1,4.0
Forecast,27,19,1,4.0
Assumptions,31,20,1,4.0
Forecast,27,20,1,4.0
Assumptions,31,21,1,4.0
Forecast,27,21,1,4.0
Assumptions,31,22,1,4.0
Forecast,27,22,1,4.0
Assumptions,32,2,1,0.5
Assumptions,32,3,1,0.5
Forecast,28,3,1,0.5
Assumptions,32,4,1,0.5
Forecast,28,4,1,0.5
Assumptions,32,5,1,0.5
Forecast,28,5,1,0.5
Assumptions,32,6,1,0.5
Forecast,28,6,1,0.5
Assumptions,32,7,1,0.5
Forecast,28,7,1,0.5
Assumptions,32,8,1,0.5
Forecast,28,8,1,0.5
Assumptions,32,9,1,0.5
Forecast,28,9,1,0.5
Assumptions,32,10,1,0.5
Forecast,28,10,1,0.5
Assumptions,32,11,1,0.5
Forecast,28,11,1,0.5
Assumptions,32,12,1,0.5
Forecast,28,12,1,0.5
Assumptions,32,13,1,0.5
Forecast,28,13,1,0.5
Assumptions,32,14,1,0.5
Forecast,28,14,1,0.5
Assumptions,32,15,1,0.5
Forecast,28,15,1,0.5
Assumptions,32,16,1,0.5
Forecast,28,16,1,0.5
Assumptions,32,17,1,0.5
Forecast,28,17,1,0.5
Assumptions,32,18,1,0.5
Forecast,28,18,1,0.5
Assumptions,32,19,1,0.5
Forecast,28,19,1,0.5
Assumptions,32,20,1,0.5
Forecast,28,20,1,0.5
Assumptions,32,21,1,0.5
Forecast,28,21,1,0.5
Assumptions,32,22,1,0.5
Forecast,28,22,1,0.5
Historicals,6,3,1,38.4
Historicals,8,3,1,17.299999999999997
Analysis,37,3,1,17.299999999999997
Analysis,38,4,1,17.299999999999997
Analysis,39,5,1,17.299999999999997
Analysis,40,6,1,17.299999999999997
Historicals,10,3,1,12.299999999999997
Historicals,12,3,1,9.599999999999998
Historicals,14,3,1,7.1999999999999975
Historicals,21,3,1,354.1
Historicals,28,3,1,354.1
Historicals,29,3,1,0.0
Analysis,2,3,1,1.0
Analysis,27,3,1,0.39999999999999997
Analysis,28,3,1,0.1802083333333333
Analysis,33,3,1,0.05520833333333333
Analysis,34,3,1,0.25000000000000006
Historicals,6,4,1,52.8
Historicals,8,4,1,23.799999999999997
Analysis,37,4,1,23.799999999999997
Analysis,38,5,1,23.799999999999997
Analysis,39,6,1,23.799999999999997
Analysis,40,7,1,23.799999999999997
Historicals,10,4,1,18.799999999999997
Historicals,12,4,1,16.099999999999998
Historicals,14,4,1,12.099999999999998
Historicals,21,4,1,398.1
Historicals,28,4,1,398.09999999999997
Historicals,29,4,1,5.684341886080802e-14
Analysis,2,4,1,2.0
Analysis,27,4,1,0.39999999999999997
Analysis,28,4,1,0.18030303030303027
Analysis,33,4,1,0.0553030303030303
Analysis,34,4,1,0.24844720496894412
Analysis,29,4,1,91.0
Analysis,30,4,1,55.01363636363636
Analysis,31,4,1,109.95833333333333
Analysis,32,4,1,49.9810606060606
Historicals,6,5,1,41.6
Historicals,8,5,1,18.700000000000003
Analysis,37,5,1,18.700000000000003
Analysis,38,6,1,18.700000000000003
Analysis,39,7,1,18.700000000000003
Analysis,40,8,1,18.700000000000003
Historicals,10,5,1,13.600000000000003
Historicals,12,5,1,10.800000000000004
Historicals,14,5,1,8.100000000000005
Historicals,21,5,1,363.6
Historicals,28,5,1,363.59999999999997
Historicals,29,5,1,5.684341886080802e-14
Analysis,2,5,1,3.0
Analysis,27,5,1,0.4
Analysis,28,5,1,0.17980769230769234
Analysis,33,5,1,0.05480769230769231
Analysis,34,5,1,0.24999999999999992
Analysis,29,5,1,92.0
Analysis,30,5,1,55.02307692307692
Analysis,31,5,1,109.98717948717949
Analysis,32,5,1,49.980769230769226
Historicals,6,6,1,31.200000000000003
Historicals,8,6,1,14.000000000000004
Analysis,37,6,1,14.000000000000004
Analysis,38,7,1,14.000000000000004
Analysis,39,8,1,14.000000000000004
Analysis,40,9,1,14.000000000000004
Historicals,10,6,1,8.900000000000004
Historicals,12,6,1,6.200000000000004
Historicals,14,6,1,4.600000000000003
Historicals,21,6,1,339.1
Historicals,28,6,1,339.09999999999997
Historicals,29,6,1,5.684341886080802e-14
Analysis,2,6,1,4.0
Analysis,10,6,1,410.0
Analysis,27,6,1,0.4
Analysis,28,6,1,0.17948717948717954
Analysis,33,6,1,0.05512820512820513
Analysis,34,6,1,0.25806451612903214
Analysis,29,6,1,92.0
Analysis,30,6,1,54.96410256410256
Analysis,31,6,1,110.08547008547008
Analysis,32,6,1,49.931623931623925
Analysis,41,6,1,73.8
Historicals,6,7,1,39.7
Historicals,8,7,1,17.300000000000004
Analysis,37,7,1,17.300000000000004
Analysis,38,8,1,17.300000000000004
Analysis,39,9,1,17.300000000000004
Analysis,40,10,1,17.300000000000004
Historicals,10,7,1,12.200000000000005
Historicals,12,7,1,9.500000000000004
Historicals,14,7,1,7.100000000000003
Historicals,21,7,1,360.79999999999995
Historicals,28,7,1,360.8
Historicals,29,7,1,-5.684341886080802e-14
Analysis,2,7,1,5.0
Analysis,10,7,1,415.7
Analysis,13,7,1,0.059374999999999956
Analysis,14,7,1,0.03
Analysis,15,7,1,0.05
Analysis,27,7,1,0.39036381514257623
Analysis,28,7,1,0.17010816125860379
Analysis,33,7,1,0.05506391347099311
Analysis,34,7,1,0.2526315789473683
Analysis,29,7,1,90.0
Analysis,30,7,1,54.95575221238938
Analysis,31,7,1,110.03225806451611
Analysis,32,7,1,49.93548387096774
Analysis,41,7,1,73.80000000000001
Historicals,6,8,1,53.20000000000002
Historicals,8,8,1,23.200000000000017
Analysis,37,8,1,23.200000000000017
Analysis,38,9,1,23.200000000000017
Analysis,39,10,1,23.200000000000017
Analysis,40,11,1,23.200000000000017
Historicals,10,8,1,18.100000000000016
Historicals,12,8,1,15.000000000000016
Historicals,14,8,1,11.200000000000017
Historicals,21,8,1,408.20000000000005
Historicals,28,8,1,408.2
Historicals,29,8,1,5.684341886080802e-14
Analysis,2,8,1,6.0
Analysis,10,8,1,420.0
Analysis,13,8,1,0.0325757575757577
Analysis,14,8,1,0.054
Analysis,15,8,1,0.115
Analysis,27,8,1,0.39031548055759363
Analysis,28,8,1,0.17021276595744692
Analysis,33,8,1,0.05502567865003668
Analysis,34,8,1,0.2533333333333331
Analysis,29,8,1,91.0
Analysis,30,8,1,55.01393983859135
Analysis,31,8,1,110.05415162454875
Analysis,32,8,1,50.04452466907342
Analysis,41,8,1,73.20000000000003
Historicals,6,9,1,41.8
Historicals,8,9,1,18.199999999999996
Analysis,37,9,1,18.199999999999996
Analysis,38,10,1,18.199999999999996
Analysis,39,11,1,18.199999999999996
Analysis,40,12,1,18.199999999999996
Historicals,10,9,1,13.099999999999996
Historicals,12,9,1,9.299999999999997
Historicals,14,9,1,6.999999999999997
Historicals,21,9,1,368.5
Historicals,28,9,1,368.5
Historicals,29,9,1,0.0
Analysis,2,9,1,7.0
Analysis,10,9,1,423.3
Analysis,13,9,1,0.03173076923076912
Analysis,14,9,1,0.074
Analysis,15,9,1,0.185
Analysis,27,9,1,0.3895619757688723
Analysis,28,9,1,0.16961789375582476
Analysis,33,9,1,0.05498602050326189
Analysis,34,9,1,0.2473118279569893
Analysis,29,9,1,92.0
Analysis,30,9,1,54.95992544268405
Analysis,31,9,1,109.97862595419846
Analysis,32,9,1,50.0030534351145
Analysis,41,9,1,72.70000000000002
Historicals,6,10,1,31.5
Historicals,8,10,1,13.7
Analysis,37,10,1,13.7
Analysis,38,11,1,13.7
Analysis,39,12,1,13.7
Analysis,40,13,1,13.7
Historicals,10,10,1,8.5
Historicals,12,10,1,4.8
Historicals,14,10,1,3.5999999999999996
Historicals,21,10,1,341.8
Historicals,28,10,1,341.79999999999995
Historicals,29,10,1,5.684341886080802e-14
Analysis,2,10,1,8.0
Analysis,10,10,1,426.0
Analysis,13,10,1,0.034615384615384714
Analysis,14,10,1,0.09
Analysis,15,10,1,0.245
Analysis,27,10,1,0.3903345724907063
Analysis,28,10,1,0.16976456009913257
Analysis,33,10,1,0.05452292441140025
Analysis,34,10,1,0.25
Analysis,29,10,1,92.0
Analysis,30,10,1,54.949194547707556
Analysis,31,10,1,109.95121951219512
Analysis,32,10,1,49.92682926829268
Analysis,41,10,1,72.4
Historicals,6,11,1,40.6
Historicals,8,11,1,17.700000000000003
Analysis,37,11,1,17.700000000000003
Analysis,38,12,1,17.700000000000003
Analysis,39,13,1,17.700000000000003
Analysis,40,14,1,17.700000000000003
Historicals,10,11,1,12.600000000000003
Historicals,12,11,1,8.900000000000002
Historicals,14,11,1,6.700000000000002
Historicals,21,11,1,367.3
Historicals,28,11,1,367.3
Historicals,29,11,1,0.0
Analysis,2,11,1,9.0
Analysis,10,11,1,428.5
Analysis,13,11,1,0.024582104228122015
Analysis,14,11,1,0.09999999999999999
Analysis,15,11,1,0.29
Analysis,27,11,1,0.3896353166986564
Analysis,28,11,1,0.16986564299424187
Analysis,33,11,1,0.05470249520153551
Analysis,34,11,1,0.24719101123595502
Analysis,29,11,1,90.0
Analysis,30,11,1,55.01919385796545
Analysis,31,11,1,109.95283018867926
Analysis,32,11,1,49.952830188679236
Analysis,41,11,1,72.80000000000001
Historicals,6,12,1,54.39999999999999
Historicals,8,12,1,23.699999999999992
Analysis,37,12,1,23.699999999999992
Analysis,38,13,1,23.699999999999992
Analysis,39,14,1,23.699999999999992
Analysis,40,15,1,23.699999999999992
Historicals,10,12,1,18.599999999999994
Historicals,12,12,1,14.599999999999994
Historicals,14,12,1,10.999999999999995
Historicals,21,12,1,415.9
Historicals,28,12,1,415.90000000000003
Historicals,29,12,1,-5.684341886080802e-14
Analysis,2,12,1,10.0
Analysis,10,12,1,431.8
Analysis,13,12,1,0.02421129860601612
Analysis,14,12,1,0.104
Analysis,15,12,1,0.32499999999999996
Analysis,27,12,1,0.3896848137535816
Analysis,28,12,1,0.16977077363896842
Analysis,33,12,1,0.05515759312320917
Analysis,34,12,1,0.24657534246575352
Analysis,29,12,1,91.0
Analysis,30,12,1,55.01719197707737
Analysis,31,12,1,110.01173708920187
Analysis,32,12,1,49.98591549295774
Analysis,41,12,1,73.29999999999998
Historicals,6,13,1,42.60000000000001
Historicals,8,13,1,18.60000000000001
Analysis,37,13,1,18.60000000000001
Analysis,38,14,1,18.60000000000001
Analysis,39,15,1,18.60000000000001
Analysis,40,16,1,18.60000000000001
Historicals,10,13,1,13.40000000000001
Historicals,12,13,1,8.80000000000001
Historicals,14,13,1,6.600000000000009
Historicals,21,13,1,374.2
Historicals,28,13,1,374.20000000000005
Historicals,29,13,1,-5.684341886080802e-14
Analysis,2,13,1,11.0
Analysis,10,13,1,433.7
Analysis,13,13,1,0.017707362534948867
Analysis,14,13,1,0.105
Analysis,15,13,1,0.355
Analysis,27,13,1,0.39010989010989017
Analysis,28,13,1,0.1703296703296704
Analysis,33,13,1,0.054945054945054944
Analysis,34,13,1,0.24999999999999975
Analysis,29,13,1,92.0
Analysis,30,13,1,55.014652014652015
Analysis,31,13,1,109.95795795795794
Analysis,32,13,1,50.00600600600601
Analysis,41,13,1,73.7
Historicals,6,14,1,32.50000000000001
Historicals,8,14,1,14.200000000000006
Analysis,37,14,1,14.200000000000006
Analysis,38,15,1,14.200000000000006
Analysis,39,16,1,14.200000000000006
Analysis,40,17,1,14.200000000000006
Historicals,10,14,1,9.000000000000007
Historicals,12,14,1,5.100000000000007
Historicals,14,14,1,3.800000000000007
Historicals,21,14,1,346.2
Historicals,28,14,1,346.2
Historicals,29,14,1,0.0
Analysis,2,14,1,12.0
Analysis,10,14,1,436.40000000000003
Analysis,13,14,1,0.03345724907063197
Analysis,14,14,1,0.108
Analysis,15,14,1,0.38
Analysis,27,14,1,0.3896882494004797
Analysis,28,14,1,0.170263788968825
Analysis,33,14,1,0.05515587529976018
Analysis,34,14,1,0.2549019607843134
Analysis,29,14,1,92.0
Analysis,30,14,1,55.04556354916067
Analysis,31,14,1,110.07465618860512
Analysis,32,14,1,50.06679764243615
Analysis,41,14,1,74.2
Historicals,6,15,1,43.099999999999994
Historicals,8,15,1,19.399999999999995
Analysis,37,15,1,19.399999999999995
Analysis,38,16,1,19.399999999999995
Analysis,39,17,1,19.399999999999995
Analysis,40,18,1,19.399999999999995
Historicals,10,15,1,14.199999999999996
Historicals,12,15,1,10.499999999999996
Historicals,14,15,1,7.899999999999997
Historicals,21,15,1,372.8
Historicals,28,15,1,372.79999999999995
Historicals,29,15,1,5.684341886080802e-14
Analysis,2,15,1,13.0
Analysis,10,15,1,440.0
Analysis,13,15,1,0.03454894433781175
Analysis,14,15,1,0.11599999999999999
Analysis,15,15,1,0.404
Analysis,27,15,1,0.39981447124304265
Analysis,28,15,1,0.17996289424860848
Analysis,33,15,1,0.05473098330241188
Analysis,34,15,1,0.2476190476190477
Analysis,29,15,1,91.0
Analysis,30,15,1,55.03896103896104
Analysis,31,15,1,109.98763523956723
Analysis,32,15,1,49.93044822256569
Analysis,41,15,1,75.9
Historicals,6,16,1,58.099999999999994
Historicals,8,16,1,26.199999999999996
Analysis,37,16,1,26.199999999999996
Analysis,38,17,1,26.199999999999996
Analysis,39,18,1,26.199999999999996
Analysis,40,19,1,26.199999999999996
Historicals,10,16,1,20.999999999999996
Historicals,12,16,1,17.199999999999996
Historicals,14,16,1,12.899999999999995
Historicals,21,16,1,425.29999999999995
Historicals,28,16,1,425.3
Historicals,29,16,1,-5.684341886080802e-14
Analysis,2,16,1,14.0
Analysis,10,16,1,445.59999999999997
Analysis,13,16,1,0.04011461318051568
Analysis,14,16,1,0.128
Analysis,15,16,1,0.42600000000000005
Analysis,27,16,1,0.400137741046832
Analysis,28,16,1,0.18044077134986225
Analysis,33,16,1,0.05509641873278237
Analysis,34,16,1,0.25000000000000006
Analysis,29,16,1,91.0
Analysis,30,16,1,55.02617079889808
Analysis,31,16,1,110.01492537313432
Analysis,32,16,1,50.04477611940298
Analysis,41,16,1,78.4
Historicals,6,17,1,46.0
Historicals,8,17,1,20.7
Analysis,37,17,1,20.7
Analysis,38,18,1,20.7
Analysis,39,19,1,20.7
Analysis,40,20,1,20.7
Historicals,10,17,1,15.399999999999999
Historicals,12,17,1,11.2
Historicals,14,17,1,8.399999999999999
Historicals,21,17,1,384.3
Historicals,28,17,1,384.3
Historicals,29,17,1,0.0
Analysis,2,17,1,15.0
Analysis,10,17,1,451.30000000000007
Analysis,13,17,1,0.052197802197802234
Analysis,14,17,1,0.14400000000000002
Analysis,15,17,1,0.44600000000000006
Analysis,27,17,1,0.4003481288076588
Analysis,28,17,1,0.18015665796344646
Analysis,33,17,1,0.054830287206266315
Analysis,34,17,1,0.25
Analysis,29,17,1,92.0
Analysis,30,17,1,55.007832898172325
Analysis,31,17,1,110.02612481857764
Analysis,32,17,1,49.939042089985485
Analysis,41,17,1,80.49999999999999
Historicals,6,18,1,34.9
Historicals,8,18,1,15.7
Analysis,37,18,1,15.7
Analysis,38,19,1,15.7
Analysis,39,20,1,15.7
Analysis,40,21,1,15.7
Historicals,10,18,1,10.399999999999999
Historicals,12,18,1,6.899999999999999
Historicals,14,18,1,5.199999999999998
Historicals,21,18,1,355.5
Historicals,28,18,1,355.5
Historicals,29,18,1,0.0
Analysis,2,18,1,16.0
Analysis,10,18,1,455.2
Analysis,13,18,1,0.046762589928057485
Analysis,14,18,1,0.162
Analysis,15,18,1,0.4660000000000001
Analysis,27,18,1,0.3997709049255441
Analysis,28,18,1,0.17983963344788087
Analysis,33,18,1,0.054982817869415807
Analysis,34,18,1,0.24637681159420294
Analysis,29,18,1,92.0
Analysis,30,18,1,55.010309278350526
Analysis,31,18,1,110.08396946564886
Analysis,32,18,1,50.038167938931295
Analysis,41,18,1,81.99999999999999
Historicals,6,19,1,45.5
Historicals,8,19,1,20.5
Analysis,37,19,1,20.5
Analysis,38,20,1,20.5
Analysis,39,21,1,20.5
Analysis,40,22,1,20.5
Historicals,10,19,1,15.2
Historicals,12,19,1,11.899999999999999
Historicals,14,19,1,8.899999999999999
Historicals,21,19,1,386.7
Historicals,28,19,1,386.70000000000005
Historicals,29,19,1,-5.684341886080802e-14
Analysis,2,19,1,17.0
Analysis,10,19,1,461.2
Analysis,13,19,1,0.0556586270871986
Analysis,14,19,1,0.182
Analysis,15,19,1,0.4880000000000001
Analysis,27,19,1,0.3998242530755712
Analysis,28,19,1,0.18014059753954306
Analysis,33,19,1,0.05536028119507909
Analysis,34,19,1,0.2521008403361345
Analysis,29,19,1,90.0
Analysis,30,19,1,54.96485061511423
Analysis,31,19,1,110.02928257686676
Analysis,32,19,1,49.94143484626647
Analysis,41,19,1,83.1
Historicals,6,20,1,61.499999999999986
Historicals,8,20,1,27.69999999999999
Analysis,37,20,1,27.69999999999999
Analysis,38,21,1,27.69999999999999
Analysis,39,22,1,27.69999999999999
Analysis,51,2,1,27.69999999999999
Forecast,43,2,1,27.69999999999999
Forecast,84,3,1,27.69999999999999
Historicals,10,20,1,22.399999999999988
Historicals,12,20,1,18.899999999999988
Historicals,14,20,1,14.199999999999989
Historicals,21,20,1,441.3
Historicals,28,20,1,441.29999999999995
Historicals,29,20,1,5.684341886080802e-14
Analysis,2,20,1,18.0
Analysis,10,20,1,469.70000000000005
Analysis,13,20,1,0.058539944903581276
Analysis,14,20,1,0.20299999999999999
Analysis,15,20,1,0.5120000000000001
Analysis,27,20,1,0.4001301236174365
Analysis,28,20,1,0.1802212101496421
Analysis,33,20,1,0.05530253741054002
Analysis,34,20,1,0.24867724867724886
Analysis,29,20,1,91.0
Analysis,30,20,1,55.00260247234874
Analysis,31,20,1,110.04880694143168
Analysis,32,20,1,50.04013015184382
Analysis,41,20,1,84.6
Historicals,6,21,1,48.3
Historicals,8,21,1,21.699999999999996
Analysis,37,21,1,21.699999999999996
Analysis,38,22,1,21.699999999999996
Analysis,50,2,1,21.699999999999996
Forecast,42,2,1,21.699999999999996
Forecast,83,3,1,21.699999999999996
Forecast,84,4,1,21.699999999999996
Historicals,10,21,1,16.299999999999997
Historicals,12,21,1,12.499999999999996
Historicals,14,21,1,9.399999999999997
Historicals,21,21,1,397.0
Historicals,28,21,1,397.0
Historicals,29,21,1,0.0
Analysis,2,21,1,19.0
Analysis,10,21,1,475.6
Analysis,13,21,1,0.05134899912967783
Analysis,14,21,1,0.22299999999999998
Analysis,15,21,1,0.5370000000000001
Analysis,27,21,1,0.3998344370860927
Analysis,28,21,1,0.17963576158940395
Analysis,33,21,1,0.054635761589403975
Analysis,34,21,1,0.24800000000000008
Analysis,29,21,1,92.0
Analysis,30,21,1,54.98675496688742
Analysis,31,21,1,110.01931034482759
Analysis,32,21,1,49.99724137931034
Analysis,41,21,1,85.59999999999998
Historicals,6,22,1,36.699999999999996
Historicals,8,22,1,16.499999999999996
Analysis,37,22,1,16.499999999999996
Analysis,49,2,1,16.499999999999996
Forecast,41,2,1,16.499999999999996
Forecast,82,3,1,16.499999999999996
Forecast,83,4,1,16.499999999999996
Forecast,84,5,1,16.499999999999996
Historicals,10,22,1,10.999999999999996
Historicals,12,22,1,7.799999999999996
Historicals,14,22,1,5.899999999999997
Historicals,21,22,1,367.79999999999995
Historicals,28,22,1,367.8
Historicals,29,22,1,-5.684341886080802e-14
Analysis,2,22,1,20.0
Analysis,10,22,1,480.09999999999997
Analysis,13,22,1,0.05154639175257736
Analysis,14,22,1,0.24199999999999997
Analysis,15,22,1,0.5620000000000002
Analysis,27,22,1,0.3997821350762527
Analysis,28,22,1,0.17973856209150324
Analysis,33,22,1,0.054466230936819175
Analysis,34,22,1,0.2435897435897437
Analysis,29,22,1,92.0
Analysis,30,22,1,55.01960784313725
Analysis,31,22,1,110.03266787658804
Analysis,32,22,1,49.923774954627945
Analysis,41,22,1,86.39999999999998
Forecast,98,3,1,7.0
Forecast,101,3,1,60.0
Forecast,164,3,1,60.0
Forecast,99,4,1,60.0
Forecast,100,3,1,0.0
Forecast,112,3,1,0.7125
Forecast,103,3,1,17.0
Forecast,106,3,1,80.0
Forecast,165,3,1,80.0
Forecast,104,4,1,80.0
Forecast,105,3,1,0.0
Forecast,113,3,1,1.2
Forecast,109,3,1,2.5
Forecast,110,3,1,67.5
Forecast,166,3,1,67.5
Forecast,108,4,1,67.5
Forecast,114,3,1,1.1375
Forecast,125,3,1,2.5
Forecast,177,3,1,-2.5
Forecast,98,4,1,6.0
Forecast,101,4,1,60.0
Forecast,164,4,1,60.0
Forecast,99,5,1,60.0
Forecast,100,4,1,0.0
Forecast,112,4,1,0.7125
Forecast,103,4,1,16.0
Forecast,106,4,1,80.0
Forecast,165,4,1,80.0
Forecast,104,5,1,80.0
Forecast,105,4,1,0.0
Forecast,113,4,1,1.2
Forecast,109,4,1,2.5
Forecast,110,4,1,65.0
Forecast,166,4,1,65.0
Forecast,108,5,1,65.0
Forecast,114,4,1,1.0546875
Forecast,125,4,1,2.5
Forecast,177,4,1,-2.5
Forecast,98,5,1,5.0
Forecast,101,5,1,60.0
Forecast,164,5,1,60.0
Forecast,99,6,1,60.0
Forecast,100,5,1,0.0
Forecast,112,5,1,0.7125
Forecast,103,5,1,15.0
Forecast,106,5,1,80.0
Forecast,165,5,1,80.0
Forecast,104,6,1,80.0
Forecast,105,5,1,0.0
Forecast,113,5,1,1.2
Forecast,109,5,1,2.5
Forecast,110,5,1,62.5
Forecast,166,5,1,62.5
Forecast,108,6,1,62.5
Forecast,114,5,1,0.9750000000000001
Forecast,125,5,1,2.5
Forecast,177,5,1,-2.5
Forecast,98,6,1,4.0
Forecast,101,6,1,60.0
Forecast,164,6,1,60.0
Forecast,99,7,1,60.0
Forecast,100,6,1,0.0
Forecast,112,6,1,0.7125
Forecast,103,6,1,14.0
Forecast,106,6,1,80.0
Forecast,165,6,1,80.0
Forecast,104,7,1,80.0
Forecast,105,6,1,0.0
Forecast,113,6,1,1.2
Forecast,109,6,1,2.5
Forecast,110,6,1,60.0
Forecast,166,6,1,60.0
Forecast,108,7,1,60.0
Forecast,114,6,1,0.8984375
Forecast,125,6,1,2.5
Forecast,177,6,1,-2.5
Forecast,98,7,1,3.0
Forecast,101,7,1,60.0
Forecast,164,7,1,60.0
Forecast,99,8,1,60.0
Forecast,100,7,1,0.0
Forecast,112,7,1,0.7125
Forecast,103,7,1,13.0
Forecast,106,7,1,80.0
Forecast,165,7,1,80.0
Forecast,104,8,1,80.0
Forecast,105,7,1,0.0
Forecast,113,7,1,1.2
Forecast,109,7,1,2.5
Forecast,110,7,1,57.5
Forecast,166,7,1,57.5
Forecast,108,8,1,57.5
Forecast,114,7,1,0.825
Forecast,125,7,1,2.5
Forecast,177,7,1,-2.5
Forecast,98,8,1,2.0
Forecast,101,8,1,60.0
Forecast,164,8,1,60.0
Forecast,99,9,1,60.0
Forecast,100,8,1,0.0
Forecast,112,8,1,0.7125
Forecast,103,8,1,12.0
Forecast,106,8,1,80.0
Forecast,165,8,1,80.0
Forecast,104,9,1,80.0
Forecast,105,8,1,0.0
Forecast,113,8,1,1.2
Forecast,109,8,1,2.5
Forecast,110,8,1,55.0
Forecast,166,8,1,55.0
Forecast,108,9,1,55.0
Forecast,114,8,1,0.790625
Forecast,125,8,1,2.5
Forecast,177,8,1,-2.5
Forecast,98,9,1,1.0
Forecast,101,9,1,60.0
Forecast,164,9,1,60.0
Forecast,99,10,1,60.0
Forecast,100,9,1,0.0
Forecast,112,9,1,0.7125
Forecast,103,9,1,11.0
Forecast,106,9,1,80.0
Forecast,165,9,1,80.0
Forecast,104,10,1,80.0
Forecast,105,9,1,0.0
Forecast,113,9,1,1.2
Forecast,109,9,1,2.5
Forecast,110,9,1,52.5
Forecast,166,9,1,52.5
Forecast,108,10,1,52.5
Forecast,114,9,1,0.75625
Forecast,125,9,1,2.5
Forecast,177,9,1,-2.5
Forecast,98,10,1,0.0
Forecast,101,10,1,0.0
Forecast,164,10,1,0.0
Forecast,99,11,1,0.0
Forecast,100,10,1,60.0
Forecast,112,10,1,0.7125
Forecast,103,10,1,10.0
Forecast,106,10,1,80.0
Forecast,165,10,1,80.0
Forecast,104,11,1,80.0
Forecast,105,10,1,0.0
Forecast,113,10,1,1.2
Forecast,109,10,1,2.5
Forecast,110,10,1,50.0
Forecast,166,10,1,50.0
Forecast,108,11,1,50.0
Forecast,114,10,1,0.721875
Forecast,125,10,1,62.5
Forecast,177,10,1,-62.5
Forecast,98,11,1,-1.0
Forecast,101,11,1,0.0
Forecast,164,11,1,0.0
Forecast,99,12,1,0.0
Forecast,100,11,1,0.0
Forecast,112,11,1,0.0
Forecast,103,11,1,9.0
Forecast,106,11,1,80.0
Forecast,165,11,1,80.0
Forecast,104,12,1,80.0
Forecast,105,11,1,0.0
Forecast,113,11,1,1.2
Forecast,109,11,1,2.5
Forecast,110,11,1,47.5
Forecast,166,11,1,47.5
Forecast,108,12,1,47.5
Forecast,114,11,1,0.6875
Forecast,125,11,1,2.5
Forecast,177,11,1,-2.5
Forecast,98,12,1,-2.0
Forecast,101,12,1,0.0
Forecast,164,12,1,0.0
Forecast,99,13,1,0.0
Forecast,100,12,1,0.0
Forecast,112,12,1,0.0
Forecast,103,12,1,8.0
Forecast,106,12,1,80.0
Forecast,165,12,1,80.0
Forecast,104,13,1,80.0
Forecast,105,12,1,0.0
Forecast,113,12,1,1.2
Forecast,109,12,1,2.5
Forecast,110,12,1,45.0
Forecast,166,12,1,45.0
Forecast,108,13,1,45.0
Forecast,114,12,1,0.653125
Forecast,125,12,1,2.5
Forecast,177,12,1,-2.5
Forecast,98,13,1,-3.0
Forecast,101,13,1,0.0
Forecast,164,13,1,0.0
Forecast,99,14,1,0.0
Forecast,100,13,1,0.0
Forecast,112,13,1,0.0
Forecast,103,13,1,7.0
Forecast,106,13,1,80.0
Forecast,165,13,1,80.0
Forecast,104,14,1,80.0
Forecast,105,13,1,0.0
Forecast,113,13,1,1.2
Forecast,109,13,1,2.5
Forecast,110,13,1,42.5
Forecast,166,13,1,42.5
Forecast,108,14,1,42.5
Forecast,114,13,1,0.61875
Forecast,125,13,1,2.5
Forecast,177,13,1,-2.5
Forecast,98,14,1,-4.0
Forecast,101,14,1,0.0
Forecast,164,14,1,0.0
Forecast,99,15,1,0.0
Forecast,100,14,1,0.0
Forecast,112,14,1,0.0
Forecast,103,14,1,6.0
Forecast,106,14,1,80.0
Forecast,165,14,1,80.0
Forecast,104,15,1,80.0
Forecast,105,14,1,0.0
Forecast,113,14,1,1.2
Forecast,109,14,1,2.5
Forecast,110,14,1,40.0
Forecast,166,14,1,40.0
Forecast,108,15,1,40.0
Forecast,114,14,1,0.584375
Forecast,125,14,1,2.5
Forecast,177,14,1,-2.5
Forecast,98,15,1,-5.0
Forecast,101,15,1,0.0
Forecast,164,15,1,0.0
Forecast,99,16,1,0.0
Forecast,100,15,1,0.0
Forecast,112,15,1,0.0
Forecast,103,15,1,5.0
Forecast,106,15,1,80.0
Forecast,165,15,1,80.0
Forecast,104,16,1,80.0
Forecast,105,15,1,0.0
Forecast,113,15,1,1.2
Forecast,109,15,1,2.5
Forecast,110,15,1,37.5
Forecast,166,15,1,37.5
Forecast,108,16,1,37.5
Forecast,114,15,1,0.55
Forecast,125,15,1,2.5
Forecast,177,15,1,-2.5
Forecast,98,16,1,-6.0
Forecast,101,16,1,0.0
Forecast,164,16,1,0.0
Forecast,99,17,1,0.0
Forecast,100,16,1,0.0
Forecast,112,16,1,0.0
Forecast,103,16,1,4.0
Forecast,106,16,1,80.0
Forecast,165,16,1,80.0
Forecast,104,17,1,80.0
Forecast,105,16,1,0.0
Forecast,113,16,1,1.2
Forecast,109,16,1,2.5
Forecast,110,16,1,35.0
Forecast,166,16,1,35.0
Forecast,108,17,1,35.0
Forecast,114,16,1,0.515625
Forecast,125,16,1,2.5
Forecast,177,16,1,-2.5
Forecast,98,17,1,-7.0
Forecast,101,17,1,0.0
Forecast,164,17,1,0.0
Forecast,99,18,1,0.0
Forecast,100,17,1,0.0
Forecast,112,17,1,0.0
Forecast,103,17,1,3.0
Forecast,106,17,1,80.0
Forecast,165,17,1,80.0
Forecast,104,18,1,80.0
Forecast,105,17,1,0.0
Forecast,113,17,1,1.2
Forecast,109,17,1,2.5
Forecast,110,17,1,32.5
Forecast,166,17,1,32.5
Forecast,108,18,1,32.5
Forecast,114,17,1,0.48125
Forecast,125,17,1,2.5
Forecast,177,17,1,-2.5
Forecast,98,18,1,-8.0
Forecast,101,18,1,0.0
Forecast,164,18,1,0.0
Forecast,99,19,1,0.0
Forecast,100,18,1,0.0
Forecast,112,18,1,0.0
Forecast,103,18,1,2.0
Forecast,106,18,1,80.0
Forecast,165,18,1,80.0
Forecast,104,19,1,80.0
Forecast,105,18,1,0.0
Forecast,113,18,1,1.2
Forecast,109,18,1,2.5
Forecast,110,18,1,30.0
Forecast,166,18,1,30.0
Forecast,108,19,1,30.0
Forecast,114,18,1,0.446875
Forecast,125,18,1,2.5
Forecast,177,18,1,-2.5
Forecast,98,19,1,-9.0
Forecast,101,19,1,0.0
Forecast,164,19,1,0.0
Forecast,99,20,1,0.0
Forecast,100,19,1,0.0
Forecast,112,19,1,0.0
Forecast,103,19,1,1.0
Forecast,106,19,1,80.0
Forecast,165,19,1,80.0
Forecast,104,20,1,80.0
Forecast,105,19,1,0.0
Forecast,113,19,1,1.2
Forecast,109,19,1,2.5
Forecast,110,19,1,27.5
Forecast,166,19,1,27.5
Forecast,108,20,1,27.5
Forecast,114,19,1,0.4125
Forecast,125,19,1,2.5
Forecast,177,19,1,-2.5
Forecast,98,20,1,-10.0
Forecast,101,20,1,0.0
Forecast,164,20,1,0.0
Forecast,99,21,1,0.0
Forecast,100,20,1,0.0
Forecast,112,20,1,0.0
Forecast,103,20,1,0.0
Forecast,106,20,1,0.0
Forecast,165,20,1,0.0
Forecast,104,21,1,0.0
Forecast,105,20,1,80.0
Forecast,113,20,1,1.2
Forecast,109,20,1,2.5
Forecast,110,20,1,25.0
Forecast,166,20,1,25.0
Forecast,108,21,1,25.0
Forecast,114,20,1,0.378125
Forecast,125,20,1,82.5
Forecast,177,20,1,-82.5
Forecast,98,21,1,-11.0
Forecast,101,21,1,0.0
Forecast,164,21,1,0.0
Forecast,99,22,1,0.0
Forecast,100,21,1,0.0
Forecast,112,21,1,0.0
Forecast,103,21,1,-1.0
Forecast,106,21,1,0.0
Forecast,165,21,1,0.0
Forecast,104,22,1,0.0
Forecast,105,21,1,0.0
Forecast,113,21,1,0.0
Forecast,109,21,1,2.5
Forecast,110,21,1,22.5
Forecast,166,21,1,22.5
Forecast,108,22,1,22.5
Forecast,114,21,1,0.34375
Forecast,125,21,1,2.5
Forecast,177,21,1,-2.5
Forecast,98,22,1,-12.0
Forecast,101,22,1,0.0
Forecast,164,22,1,0.0
Forecast,100,22,1,0.0
Forecast,112,22,1,0.0
Forecast,103,22,1,-2.0
Forecast,106,22,1,0.0
Forecast,165,22,1,0.0
Forecast,105,22,1,0.0
Forecast,113,22,1,0.0
Forecast,109,22,1,2.5
Forecast,110,22,1,20.0
Forecast,166,22,1,20.0
Forecast,114,22,1,0.309375
Forecast,125,22,1,2.5
Forecast,177,22,1,-2.5
Analysis,11,2,1,16.0
Analysis,12,2,1,0.040248174444742046
Forecast,34,2,1,0.040248174444742046
Analysis,16,2,1,0.015124999999999998
Forecast,35,2,1,0.015124999999999998
Analysis,17,2,1,0.03512500000000001
Forecast,36,2,1,0.03512500000000001
Analysis,18,7,1,0.022312500000000002
Analysis,19,7,1,-0.007437499999999996
Analysis,20,7,1,0.004251825555257903
Analysis,21,8,1,0.004251825555257903
Analysis,22,9,1,0.004251825555257903
Analysis,23,10,1,0.004251825555257903
Analysis,24,11,1,0.004251825555257903
Analysis,18,8,1,0.013312500000000005
Analysis,19,8,1,-0.014937499999999996
Analysis,20,8,1,-0.006047416868984353
Analysis,21,9,1,-0.006047416868984353
Analysis,22,10,1,-0.006047416868984353
Analysis,23,11,1,-0.006047416868984353
Analysis,24,12,1,-0.006047416868984353
Analysis,18,9,1,0.007312500000000004
Analysis,19,9,1,-0.017437499999999998
Analysis,20,9,1,0.0016075947860270667
Analysis,21,10,1,0.0016075947860270667
Analysis,22,11,1,0.0016075947860270667
Analysis,23,12,1,0.0016075947860270667
Analysis,24,13,1,0.0016075947860270667
Analysis,18,10,1,0.0013125000000000038
Analysis,19,10,1,-0.012437499999999994
Analysis,20,10,1,0.005492210170642658
Analysis,21,11,1,0.005492210170642658
Analysis,22,12,1,0.005492210170642658
Analysis,23,13,1,0.005492210170642658
Analysis,24,14,1,0.005492210170642658
Analysis,18,11,1,-0.007687499999999996
Analysis,19,11,1,-0.004937499999999994
Analysis,20,11,1,-0.0030410702166200412
Analysis,21,12,1,-0.0030410702166200412
Analysis,22,13,1,-0.0030410702166200412
Analysis,23,14,1,-0.0030410702166200412
Analysis,24,15,1,-0.0030410702166200412
Analysis,18,12,1,-0.016687499999999997
Analysis,19,12,1,6.250000000000352e-05
Analysis,20,12,1,0.0005881241612740659
Analysis,21,13,1,0.0005881241612740659
Analysis,22,14,1,0.0005881241612740659
Analysis,23,15,1,0.0005881241612740659
Analysis,24,16,1,0.0005881241612740659
Analysis,18,13,1,-0.021187499999999998
Analysis,19,13,1,0.0025625000000000057
Analysis,20,13,1,-0.003915811909793187
Analysis,21,14,1,-0.003915811909793187
Analysis,22,15,1,-0.003915811909793187
Analysis,23,16,1,-0.003915811909793187
Analysis,24,17,1,-0.003915811909793187
Analysis,18,14,1,-0.018187499999999995
Analysis,19,14,1,0.0050625000000000045
Analysis,20,14,1,0.006334074625889911
Analysis,21,15,1,0.006334074625889911
Analysis,22,16,1,0.006334074625889911
Analysis,23,17,1,0.006334074625889911
Analysis,24,18,1,0.006334074625889911
Analysis,18,15,1,-0.010687499999999996
Analysis,19,15,1,0.005562500000000005
Analysis,20,15,1,-0.0005742301069303068
Analysis,21,16,1,-0.0005742301069303068
Analysis,22,17,1,-0.0005742301069303068
Analysis,23,18,1,-0.0005742301069303068
Analysis,24,19,1,-0.0005742301069303068
Analysis,18,16,1,-0.004687499999999996
Analysis,19,16,1,0.006562500000000006
Analysis,20,16,1,-0.0020085612642263767
Analysis,21,17,1,-0.0020085612642263767
Analysis,22,18,1,-0.0020085612642263767
Analysis,23,19,1,-0.0020085612642263767
Analysis,24,20,1,-0.0020085612642263767
Analysis,18,17,1,0.0013125000000000038
Analysis,19,17,1,0.007562500000000005
Analysis,20,17,1,0.0030746277530601784
Analysis,21,18,1,0.0030746277530601784
Analysis,22,19,1,0.0030746277530601784
Analysis,23,20,1,0.0030746277530601784
Analysis,24,21,1,0.0030746277530601784
Analysis,18,18,1,0.004312500000000001
Analysis,19,18,1,0.007562500000000005
Analysis,20,18,1,-0.005360584516684567
Analysis,21,19,1,-0.005360584516684567
Analysis,22,20,1,-0.005360584516684567
Analysis,23,21,1,-0.005360584516684567
Analysis,24,22,1,-0.005360584516684567
Analysis,56,2,1,-0.005360584516684567
Forecast,48,2,1,-0.005360584516684567
Forecast,67,3,1,-0.005360584516684567
Analysis,18,19,1,0.007312500000000004
Analysis,19,19,1,0.006562500000000006
Analysis,20,19,1,0.0015354526424565425
Analysis,21,20,1,0.0015354526424565425
Analysis,22,21,1,0.0015354526424565425
Analysis,23,22,1,0.0015354526424565425
Analysis,55,2,1,0.0015354526424565425
Forecast,47,2,1,0.0015354526424565425
Forecast,66,3,1,0.0015354526424565425
Forecast,67,4,1,0.0015354526424565425
Analysis,18,20,1,0.008812500000000004
Analysis,19,20,1,0.005562500000000005
Analysis,20,20,1,0.00391677045883922
Analysis,21,21,1,0.00391677045883922
Analysis,22,22,1,0.00391677045883922
Analysis,54,2,1,0.00391677045883922
Forecast,46,2,1,0.00391677045883922
Forecast,65,3,1,0.00391677045883922
Forecast,66,4,1,0.00391677045883922
Forecast,67,5,1,0.00391677045883922
Analysis,18,21,1,0.007312500000000004
Analysis,19,21,1,0.0050625000000000045
Analysis,20,21,1,-0.0012741753150642245
Analysis,21,22,1,-0.0012741753150642245
Analysis,53,2,1,-0.0012741753150642245
Forecast,45,2,1,-0.0012741753150642245
Forecast,64,3,1,-0.0012741753150642245
Forecast,65,4,1,-0.0012741753150642245
Forecast,66,5,1,-0.0012741753150642245
Forecast,67,6,1,-0.0012741753150642245
Analysis,18,22,1,0.0058125000000000026
Analysis,19,22,1,0.0050625000000000045
Analysis,20,22,1,0.00042321730783530503
Analysis,52,2,1,0.00042321730783530503
Forecast,44,2,1,0.00042321730783530503
Forecast,63,3,1,0.00042321730783530503
Forecast,64,4,1,0.00042321730783530503
Forecast,65,5,1,0.00042321730783530503
Forecast,66,6,1,0.00042321730783530503
Forecast,67,7,1,0.00042321730783530503
Forecast,61,3,1,90.0
Forecast,74,3,1,0.004312500000000001
Forecast,75,3,1,0.0050625000000000045
Forecast,61,4,1,91.0
Forecast,74,4,1,0.0013125000000000038
Forecast,75,4,1,0.005562500000000005
Forecast,61,5,1,92.0
Forecast,74,5,1,-0.00018749999999999756
Forecast,75,5,1,0.006062500000000005
Forecast,61,6,1,92.0
Forecast,74,6,1,0.0013125000000000038
Forecast,75,6,1,0.006562500000000006
Forecast,61,7,1,90.0
Forecast,74,7,1,0.004312500000000001
Forecast,75,7,1,0.006562500000000006
Forecast,61,8,1,91.0
Forecast,74,8,1,0.007312500000000004
Forecast,75,8,1,0.006062500000000005
Forecast,61,9,1,92.0
Forecast,74,9,1,0.008812500000000004
Forecast,75,9,1,0.005562500000000005
Forecast,61,10,1,92.0
Forecast,74,10,1,0.010312500000000002
Forecast,75,10,1,0.0050625000000000045
Forecast,61,11,1,91.0
Forecast,74,11,1,0.007312500000000004
Forecast,75,11,1,0.0050625000000000045
Forecast,61,12,1,91.0
Forecast,74,12,1,0.007312500000000004
Forecast,75,12,1,0.0050625000000000045
Forecast,61,13,1,92.0
Forecast,74,13,1,0.007312500000000004
Forecast,75,13,1,0.0050625000000000045
Forecast,61,14,1,92.0
Forecast,74,14,1,0.007312500000000004
Forecast,75,14,1,0.0050625000000000045
Forecast,61,15,1,90.0
Forecast,74,15,1,0.007312500000000004
Forecast,75,15,1,0.0050625000000000045
Forecast,61,16,1,91.0
Forecast,74,16,1,0.007312500000000004
Forecast,75,16,1,0.0050625000000000045
Forecast,61,17,1,92.0
Forecast,74,17,1,0.007312500000000004
Forecast,75,17,1,0.0050625000000000045
Forecast,61,18,1,92.0
Forecast,74,18,1,0.007312500000000004
Forecast,75,18,1,0.0050625000000000045
Forecast,61,19,1,90.0
Forecast,74,19,1,0.007312500000000004
Forecast,75,19,1,0.0050625000000000045
Forecast,61,20,1,91.0
Forecast,74,20,1,0.007312500000000004
Forecast,75,20,1,0.0050625000000000045
Forecast,61,21,1,92.0
Forecast,74,21,1,0.007312500000000004
Forecast,75,21,1,0.0050625000000000045
Forecast,61,22,1,92.0
Forecast,74,22,1,0.007312500000000004
Forecast,75,22,1,0.0050625000000000045
Forecast,68,3,1,-0.001171610621039002
Forecast,63,4,1,-0.001171610621039002
Forecast,64,5,1,-0.001171610621039002
Forecast,65,6,1,-0.001171610621039002
Forecast,66,7,1,-0.001171610621039002
Forecast,67,8,1,-0.001171610621039002
Forecast,76,3,1,0.04845156382370305
Forecast,77,3,1,119.3137879631374
Forecast,141,3,1,119.3137879631374
Forecast,70,4,1,119.3137879631374
Forecast,71,5,1,119.3137879631374
Forecast,72,6,1,119.3137879631374
Forecast,73,7,1,119.3137879631374
Forecast,79,3,1,71.58827277788244
Forecast,142,3,1,71.58827277788244
Forecast,80,3,1,26.24903335189023
Forecast,145,3,1,26.24903335189023
Forecast,143,3,1,47.72551518525496
Forecast,81,3,1,21.476481833364733
Forecast,146,3,1,21.476481833364733
Forecast,82,4,1,21.476481833364733
Forecast,83,5,1,21.476481833364733
Forecast,84,6,1,21.476481833364733
Forecast,88,3,1,6.562258337972557
Forecast,89,3,1,5.44
Forecast,148,3,1,5.44
Forecast,173,3,1,5.44
Forecast,90,3,1,218.72225833797256
Forecast,160,3,1,218.72225833797256
Forecast,87,4,1,218.72225833797256
Forecast,92,3,1,72.91398153302842
Forecast,158,3,1,72.91398153302842
Forecast,93,3,1,87.49677783963409
Forecast,159,3,1,87.49677783963409
Forecast,94,3,1,39.77126265437913
Forecast,162,3,1,39.77126265437913
Forecast,95,3,1,120.63949671828338
Forecast,96,3,1,29.739496718283377
Forecast,118,3,1,16.036481833364732
Forecast,149,3,1,16.036481833364732
Forecast,115,3,1,0.0
Forecast,116,3,1,3.05
Forecast,150,3,1,3.05
Forecast,119,3,1,12.986481833364731
Forecast,151,3,1,12.986481833364731
Forecast,120,3,1,3.246620458341183
Forecast,152,3,1,3.246620458341183
Forecast,121,3,1,9.739861375023548
Forecast,153,3,1,9.739861375023548
Forecast,172,3,1,9.739861375023548
Forecast,122,3,1,-14.559635343259828
Forecast,126,3,1,-14.221893681232388
Forecast,127,3,1,0.0
Forecast,128,3,1,-14.221893681232388
Forecast,130,3,1,14.221893681232388
Forecast,178,3,1,14.221893681232388
Forecast,132,3,1,0.0
Forecast,133,3,1,0.0
Forecast,134,3,1,20.0
Forecast,157,3,1,20.0
Forecast,184,3,1,20.0
Forecast,124,4,1,20.0
Forecast,183,4,1,20.0
Forecast,131,3,1,14.221893681232388
Forecast,163,3,1,14.221893681232388
Forecast,129,4,1,14.221893681232388
Forecast,135,3,1,221.7218936812324
Forecast,138,3,1,137.63986137502354
Forecast,167,3,1,137.63986137502354
Forecast,137,4,1,137.63986137502354
Forecast,85,3,1,87.37648183336472
Forecast,144,3,1,0.4
Forecast,147,3,1,0.18000000000000002
Forecast,154,3,1,0.08163232046603638
Forecast,161,3,1,399.13301771063504
Forecast,168,3,1,399.13301771063504
Forecast,169,3,1,0.0
Forecast,174,3,1,-29.739496718283377
Forecast,175,3,1,-14.559635343259828
Forecast,176,3,1,-6.562258337972557
Forecast,179,3,1,-0.0
Forecast,180,3,1,-0.0
Forecast,181,3,1,11.721893681232388
Forecast,182,3,1,-9.399999999999999
Forecast,188,3,1,201.7218936812324
Forecast,189,3,1,2.5375465918172027
Forecast,190,3,1,2.308652047423187
Forecast,192,3,1,7.041469453562208
Forecast,194,3,1,135.7781063187676
Forecast,195,3,1,155.7781063187676
Forecast,68,4,1,-0.0016016160346329898
Forecast,63,5,1,-0.0016016160346329898
Forecast,64,6,1,-0.0016016160346329898
Forecast,65,7,1,-0.0016016160346329898
Forecast,66,8,1,-0.0016016160346329898
Forecast,67,9,1,-0.0016016160346329898
Forecast,76,4,1,0.04552155841010906
Forecast,77,4,1,160.69666352763375
Forecast,141,4,1,160.69666352763375
Forecast,70,5,1,160.69666352763375
Forecast,71,6,1,160.69666352763375
Forecast,72,7,1,160.69666352763375
Forecast,73,8,1,160.69666352763375
Forecast,79,4,1,96.41799811658025
Forecast,142,4,1,96.41799811658025
Forecast,80,4,1,35.35326597607943
Forecast,145,4,1,35.35326597607943
Forecast,143,4,1,64.2786654110535
Forecast,81,4,1,28.925399434974068
Forecast,146,4,1,28.925399434974068
Forecast,82,5,1,28.925399434974068
Forecast,83,6,1,28.925399434974068
Forecast,84,7,1,28.925399434974068
Forecast,88,4,1,8.838316494019857
Forecast,89,4,1,5.468056458449315
Forecast,148,4,1,5.468056458449315
Forecast,173,4,1,5.468056458449315
Forecast,90,4,1,222.0925183735431
Forecast,160,4,1,222.0925183735431
Forecast,87,5,1,222.0925183735431
Forecast,92,4,1,97.12435707714127
Forecast,158,4,1,97.12435707714127
Forecast,93,4,1,116.54922849256953
Forecast,159,4,1,116.54922849256953
Forecast,94,4,1,52.97692204207706
Forecast,162,4,1,52.97692204207706
Forecast,95,4,1,160.69666352763372
Forecast,96,4,1,40.057166809350335
Forecast,118,4,1,23.457342976524753
Forecast,149,4,1,23.457342976524753
Forecast,115,4,1,0.19555103811694532
Forecast,116,4,1,3.1627385381169453
Forecast,150,4,1,3.1627385381169453
Forecast,119,4,1,20.29460443840781
Forecast,151,4,1,20.29460443840781
Forecast,120,4,1,5.073651109601952
Forecast,152,4,1,5.073651109601952
Forecast,121,4,1,15.220953328805857
Forecast,153,4,1,15.220953328805857
Forecast,172,4,1,15.220953328805857
Forecast,122,4,1,-19.36815702209516
Forecast,126,4,1,-30.706473516115018
Forecast,127,4,1,0.0
Forecast,128,4,1,-30.706473516115018
Forecast,130,4,1,30.706473516115018
Forecast,178,4,1,30.706473516115018
Forecast,132,4,1,0.0
Forecast,133,4,1,0.0
Forecast,134,4,1,20.0
Forecast,157,4,1,20.0
Forecast,184,4,1,20.0
Forecast,124,5,1,20.0
Forecast,183,5,1,20.0
Forecast,131,4,1,44.928367197347406
Forecast,163,4,1,44.928367197347406
Forecast,129,5,1,44.928367197347406
Forecast,135,4,1,249.9283671973474
Forecast,138,4,1,152.8608147038294
Forecast,167,4,1,152.8608147038294
Forecast,137,5,1,152.8608147038294
Forecast,85,4,1,88.60188126833879
Forecast,144,4,1,0.39999999999999997
Forecast,147,4,1,0.17999999999999997
Forecast,154,4,1,0.09471853985436623
Forecast,161,4,1,455.7661039432539
Forecast,168,4,1,455.7661039432538
Forecast,169,4,1,5.684341886080802e-14
Forecast,174,4,1,-40.057166809350335
Forecast,175,4,1,-19.36815702209516
Forecast,176,4,1,-8.838316494019857
Forecast,179,4,1,-0.0
Forecast,180,4,1,-0.0
Forecast,181,4,1,28.206473516115018
Forecast,182,4,1,0.0
Forecast,188,4,1,229.9283671973474
Forecast,189,4,1,2.8208020373790577
Forecast,190,4,1,2.5950731960305515
Forecast,192,4,1,9.145681530853286
Forecast,194,4,1,105.0716328026526
Forecast,195,4,1,125.0716328026526
Forecast,68,5,1,0.0001263016563305332
Forecast,63,6,1,0.0001263016563305332
Forecast,64,7,1,0.0001263016563305332
Forecast,65,8,1,0.0001263016563305332
Forecast,66,9,1,0.0001263016563305332
Forecast,67,10,1,0.0001263016563305332
Forecast,76,5,1,0.046249476101072585
Forecast,77,5,1,126.38693671300956
Forecast,141,5,1,126.38693671300956
Forecast,70,6,1,126.38693671300956
Forecast,71,7,1,126.38693671300956
Forecast,72,8,1,126.38693671300956
Forecast,73,9,1,126.38693671300956
Forecast,79,5,1,75.83216202780574
Forecast,142,5,1,75.83216202780574
Forecast,80,5,1,27.805126076862102
Forecast,145,5,1,27.805126076862102
Forecast,143,5,1,50.554774685203824
Forecast,81,5,1,22.749648608341722
Forecast,146,5,1,22.749648608341722
Forecast,82,6,1,22.749648608341722
Forecast,83,7,1,22.749648608341722
Forecast,84,8,1,22.749648608341722
Forecast,88,5,1,6.9512815192155255
Forecast,89,5,1,5.552312959338578
Forecast,148,5,1,5.552312959338578
Forecast,173,5,1,5.552312959338578
Forecast,90,5,1,223.49148693342005
Forecast,160,5,1,223.49148693342005
Forecast,87,6,1,223.49148693342005
Forecast,92,5,1,75.55740781756006
Forecast,158,5,1,75.55740781756006
Forecast,93,5,1,90.66888938107208
Forecast,159,5,1,90.66888938107208
Forecast,94,5,1,41.213131536850945
Forecast,162,5,1,41.213131536850945
Forecast,95,5,1,125.01316566178122
Forecast,96,5,1,-35.6834978658525
Forecast,118,5,1,17.197335649003143
Forecast,149,5,1,17.197335649003143
Forecast,115,5,1,0.5896848194651848
Forecast,116,5,1,3.477184819465185
Forecast,150,5,1,3.477184819465185
Forecast,119,5,1,13.720150829537959
Forecast,151,5,1,13.720150829537959
Forecast,120,5,1,3.4300377073844897
Forecast,152,5,1,3.4300377073844897
Forecast,121,5,1,10.29011312215347
Forecast,153,5,1,10.29011312215347
Forecast,172,5,1,10.29011312215347
Forecast,122,5,1,51.52592394734455
Forecast,126,5,1,42.074642428129025
Forecast,127,5,1,4.0
Forecast,128,5,1,38.074642428129025
Forecast,130,5,1,-38.074642428129025
Forecast,178,5,1,-38.074642428129025
Forecast,132,5,1,0.0
Forecast,133,5,1,0.0
Forecast,134,5,1,20.0
Forecast,157,5,1,20.0
Forecast,184,5,1,20.0
Forecast,124,6,1,20.0
Forecast,183,6,1,20.0
Forecast,131,5,1,6.853724769218381
Forecast,163,5,1,6.853724769218381
Forecast,129,6,1,6.853724769218381
Forecast,135,5,1,209.3537247692184
Forecast,138,5,1,159.15092782598285
Forecast,167,5,1,159.15092782598285
Forecast,137,6,1,159.15092782598285
Forecast,85,5,1,89.65152987668053
Forecast,144,5,1,0.4
Forecast,147,5,1,0.18000000000000002
Forecast,154,5,1,0.08141753720575984
Forecast,161,5,1,409.7177841320522
Forecast,168,5,1,409.7177841320522
Forecast,169,5,1,0.0
Forecast,174,5,1,35.6834978658525
Forecast,175,5,1,51.52592394734455
Forecast,176,5,1,-6.9512815192155255
Forecast,179,5,1,-4.0
Forecast,180,5,1,-0.0
Forecast,181,5,1,-44.574642428129025
Forecast,182,5,1,0.0
Forecast,188,5,1,189.3537247692184
Forecast,189,5,1,2.33519411277413
Forecast,190,5,1,2.1121081260931347
Forecast,192,5,1,6.5425480063613
Forecast,194,5,1,143.1462752307816
Forecast,195,5,1,163.1462752307816
Forecast,68,6,1,-0.000280535755263832
Forecast,63,7,1,-0.000280535755263832
Forecast,64,8,1,-0.000280535755263832
Forecast,65,9,1,-0.000280535755263832
Forecast,66,10,1,-0.000280535755263832
Forecast,67,11,1,-0.000280535755263832
Forecast,76,6,1,0.047842638689478224
Forecast,77,6,1,96.19195423169408
Forecast,141,6,1,96.19195423169408
Forecast,70,7,1,96.19195423169408
Forecast,71,8,1,96.19195423169408
Forecast,72,9,1,96.19195423169408
Forecast,73,10,1,96.19195423169408
Forecast,79,6,1,57.71517253901645
Forecast,142,6,1,57.71517253901645
Forecast,80,6,1,21.1622299309727
Forecast,145,6,1,21.1622299309727
Forecast,143,6,1,38.47678169267763
Forecast,81,6,1,17.314551761704934
Forecast,146,6,1,17.314551761704934
Forecast,82,7,1,17.314551761704934
Forecast,83,8,1,17.314551761704934
Forecast,84,9,1,17.314551761704934
Forecast,88,6,1,5.290557482743175
Forecast,89,6,1,5.587287173335501
Forecast,148,6,1,5.587287173335501
Forecast,173,6,1,5.587287173335501
Forecast,90,6,1,223.1947572428277
Forecast,160,6,1,223.1947572428277
Forecast,87,7,1,223.1947572428277
Forecast,92,6,1,57.5060595950345
Forecast,158,6,1,57.5060595950345
Forecast,93,6,1,69.0072715140414
Forecast,159,6,1,69.0072715140414
Forecast,94,6,1,31.366941597291547
Forecast,162,6,1,31.366941597291547
Forecast,95,6,1,95.14638951178436
Forecast,96,6,1,-29.866776149996852
Forecast,118,6,1,11.727264588369433
Forecast,149,6,1,11.727264588369433
Forecast,115,6,1,0.08567155961522976
Forecast,116,6,1,2.89660905961523
Forecast,150,6,1,2.89660905961523
Forecast,119,6,1,8.830655528754203
Forecast,151,6,1,8.830655528754203
Forecast,120,6,1,2.207663882188551
Forecast,152,6,1,2.207663882188551
Forecast,121,6,1,6.622991646565652
Forecast,153,6,1,6.622991646565652
Forecast,172,6,1,6.622991646565652
Forecast,122,6,1,42.07705496989801
Forecast,126,6,1,34.28649748715483
Forecast,127,6,1,4.0
Forecast,128,6,1,30.286497487154833
Forecast,130,6,1,-6.853724769218381
Forecast,178,6,1,-6.853724769218381
Forecast,132,6,1,23.43277271793645
Forecast,133,6,1,11.716386358968226
Forecast,134,6,1,31.716386358968226
Forecast,157,6,1,31.716386358968226
Forecast,184,6,1,31.716386358968226
Forecast,124,7,1,31.716386358968226
Forecast,183,7,1,31.716386358968226
Forecast,131,6,1,0.0
Forecast,163,6,1,0.0
Forecast,129,7,1,0.0
Forecast,135,6,1,200.0
Forecast,138,6,1,150.05753311358026
Forecast,167,6,1,150.05753311358026
Forecast,137,7,1,150.05753311358026
Forecast,85,6,1,90.46608163838546
Forecast,144,6,1,0.4
Forecast,147,6,1,0.18
Forecast,154,6,1,0.06885182549273396
Forecast,161,6,1,381.42447471087183
Forecast,168,6,1,381.4244747108718
Forecast,169,6,1,5.684341886080802e-14
Forecast,174,6,1,29.866776149996852
Forecast,175,6,1,42.07705496989801
Forecast,176,6,1,-5.290557482743175
Forecast,179,6,1,-4.0
Forecast,180,6,1,-11.716386358968226
Forecast,181,6,1,-25.070111128186607
Forecast,182,6,1,11.716386358968226
Forecast,188,6,1,168.28361364103176
Forecast,189,6,1,2.210773323856866
Forecast,190,6,1,1.860184619399142
Forecast,192,6,1,5.977524548654456
Forecast,194,6,1,150.0
Forecast,195,6,1,181.71638635896824
Forecast,68,7,1,0.0002593408485637563
Forecast,63,8,1,0.0002593408485637563
Forecast,64,9,1,0.0002593408485637563
Forecast,65,10,1,0.0002593408485637563
Forecast,66,11,1,0.0002593408485637563
Forecast,67,12,1,0.0002593408485637563
Forecast,76,7,1,0.051382515293305814
Forecast,77,7,1,125.44443049785556
Forecast,141,7,1,125.44443049785556
Forecast,70,8,1,125.44443049785556
Forecast,71,9,1,125.44443049785556
Forecast,72,10,1,125.44443049785556
Forecast,73,11,1,125.44443049785556
Forecast,79,7,1,75.26665829871334
Forecast,142,7,1,75.26665829871334
Forecast,80,7,1,27.597774709528224
Forecast,145,7,1,27.597774709528224
Forecast,143,7,1,50.177772199142225
Forecast,81,7,1,22.579997489614
Forecast,146,7,1,22.579997489614
Forecast,82,8,1,22.579997489614
Forecast,83,9,1,22.579997489614
Forecast,84,10,1,22.579997489614
Forecast,88,7,1,6.899443677382056
Forecast,89,7,1,5.579868931070693
Forecast,148,7,1,5.579868931070693
Forecast,173,7,1,5.579868931070693
Forecast,90,7,1,224.51433198913907
Forecast,160,7,1,224.51433198913907
Forecast,87,8,1,224.51433198913907
Forecast,92,7,1,76.66048530424507
Forecast,158,7,1,76.66048530424507
Forecast,93,7,1,91.99258236509408
Forecast,159,7,1,91.99258236509408
Forecast,94,7,1,41.814810165951855
Forecast,162,7,1,41.814810165951855
Forecast,95,7,1,126.8382575033873
Forecast,96,7,1,31.691867991602933
Forecast,118,7,1,17.00012855854331
Forecast,149,7,1,17.00012855854331
Forecast,115,7,1,0.0
Forecast,116,7,1,2.7375
Forecast,150,7,1,2.7375
Forecast,119,7,1,14.262628558543309
Forecast,151,7,1,14.262628558543309
Forecast,120,7,1,3.565657139635827
Forecast,152,7,1,3.565657139635827
Forecast,121,7,1,10.69697141890748
Forecast,153,7,1,10.69697141890748
Forecast,172,7,1,10.69697141890748
Forecast,122,7,1,-15.41502764162476
Forecast,126,7,1,-13.098084960038591
Forecast,127,7,1,0.0
Forecast,128,7,1,-13.098084960038591
Forecast,130,7,1,13.098084960038591
Forecast,178,7,1,13.098084960038591
Forecast,132,7,1,0.0
Forecast,133,7,1,0.0
Forecast,134,7,1,20.0
Forecast,157,7,1,20.0
Forecast,184,7,1,20.0
Forecast,124,8,1,20.0
Forecast,183,8,1,20.0
Forecast,131,7,1,13.098084960038591
Forecast,163,7,1,13.098084960038591
Forecast,129,8,1,13.098084960038591
Forecast,135,7,1,210.5980849600386
Forecast,138,7,1,160.75450453248774
Forecast,167,7,1,160.75450453248774
Forecast,137,8,1,160.75450453248774
Forecast,85,7,1,91.56959729463472
Forecast,144,7,1,0.4
Forecast,147,7,1,0.18
Forecast,154,7,1,0.08527258943624717
Forecast,161,7,1,413.1673996584782
Forecast,168,7,1,413.1673996584782
Forecast,169,7,1,0.0
Forecast,174,7,1,-31.691867991602933
Forecast,175,7,1,-15.41502764162476
Forecast,176,7,1,-6.899443677382056
Forecast,179,7,1,-0.0
Forecast,180,7,1,-0.0
Forecast,181,7,1,10.598084960038591
Forecast,182,7,1,-11.716386358968226
Forecast,188,7,1,190.5980849600386
Forecast,189,7,1,2.299869074256353
Forecast,190,7,1,2.0814559700068287
Forecast,192,7,1,8.248400909448037
Forecast,194,7,1,136.9019150399614
Forecast,195,7,1,156.9019150399614
Forecast,68,8,1,0.00042519940774113027
Forecast,63,9,1,0.00042519940774113027
Forecast,64,10,1,0.00042519940774113027
Forecast,65,11,1,0.00042519940774113027
Forecast,66,12,1,0.00042519940774113027
Forecast,67,13,1,0.00042519940774113027
Forecast,76,8,1,0.05404837385248319
Forecast,77,8,1,169.382056874822
Forecast,141,8,1,169.382056874822
Forecast,70,9,1,169.382056874822
Forecast,71,10,1,169.382056874822
Forecast,72,11,1,169.382056874822
Forecast,73,12,1,169.382056874822
Forecast,79,8,1,101.6292341248932
Forecast,142,8,1,101.6292341248932
Forecast,80,8,1,37.26405251246084
Forecast,145,8,1,37.26405251246084
Forecast,143,8,1,67.75282274992881
Forecast,81,8,1,30.488770237467968
Forecast,146,8,1,30.488770237467968
Forecast,82,9,1,30.488770237467968
Forecast,83,10,1,30.488770237467968
Forecast,84,11,1,30.488770237467968
Forecast,88,8,1,9.31601312811521
Forecast,89,8,1,5.612858299728477
Forecast,148,8,1,5.612858299728477
Forecast,173,8,1,5.612858299728477
Forecast,90,8,1,228.21748681752578
Forecast,160,8,1,228.21748681752578
Forecast,87,9,1,228.21748681752578
Forecast,92,8,1,102.37377063862868
Forecast,158,8,1,102.37377063862868
Forecast,93,8,1,122.84852476635443
Forecast,159,8,1,122.84852476635443
Forecast,94,8,1,55.8402385301611
Forecast,162,8,1,55.8402385301611
Forecast,95,8,1,169.382056874822
Forecast,96,8,1,42.543799371434716
Forecast,118,8,1,24.87591193773949
Forecast,149,8,1,24.87591193773949
Forecast,115,8,1,0.15553975890045826
Forecast,116,8,1,2.858664758900458
Forecast,150,8,1,2.858664758900458
Forecast,119,8,1,22.017247178839035
Forecast,151,8,1,22.017247178839035
Forecast,120,8,1,5.504311794709759
Forecast,152,8,1,5.504311794709759
Forecast,121,8,1,16.51293538412928
Forecast,153,8,1,16.51293538412928
Forecast,172,8,1,16.51293538412928
Forecast,122,8,1,-20.41800568757696
Forecast,126,8,1,-32.234018815692174
Forecast,127,8,1,0.0
Forecast,128,8,1,-32.234018815692174
Forecast,130,8,1,32.234018815692174
Forecast,178,8,1,32.234018815692174
Forecast,132,8,1,0.0
Forecast,133,8,1,0.0
Forecast,134,8,1,20.0
Forecast,157,8,1,20.0
Forecast,184,8,1,20.0
Forecast,124,9,1,20.0
Forecast,183,9,1,20.0
Forecast,131,8,1,45.332103775730765
Forecast,163,8,1,45.332103775730765
Forecast,129,9,1,45.332103775730765
Forecast,135,8,1,240.33210377573076
Forecast,138,8,1,177.26743991661704
Forecast,167,8,1,177.26743991661704
Forecast,137,9,1,177.26743991661704
Forecast,85,8,1,93.13296809712861
Forecast,144,8,1,0.4
Forecast,147,8,1,0.18000000000000002
Forecast,154,8,1,0.09748928362779766
Forecast,161,8,1,473.43978222250894
Forecast,168,8,1,473.43978222250894
Forecast,169,8,1,0.0
Forecast,174,8,1,-42.543799371434716
Forecast,175,8,1,-20.41800568757696
Forecast,176,8,1,-9.31601312811521
Forecast,179,8,1,-0.0
Forecast,180,8,1,-0.0
Forecast,181,8,1,29.734018815692174
Forecast,182,8,1,0.0
Forecast,188,8,1,220.33210377573076
Forecast,189,8,1,2.580526624310822
Forecast,190,8,1,2.3657798981124047
Forecast,192,8,1,10.665388497388903
Forecast,194,8,1,104.66789622426924
Forecast,195,8,1,124.66789622426924
Forecast,68,9,1,-7.106173848841997e-05
Forecast,63,10,1,-7.106173848841997e-05
Forecast,64,11,1,-7.106173848841997e-05
Forecast,65,12,1,-7.106173848841997e-05
Forecast,66,13,1,-7.106173848841997e-05
Forecast,67,14,1,-7.106173848841997e-05
Forecast,76,9,1,0.05455211270625363
Forecast,77,9,1,133.2816111291758
Forecast,141,9,1,133.2816111291758
Forecast,70,10,1,133.2816111291758
Forecast,71,11,1,133.2816111291758
Forecast,72,12,1,133.2816111291758
Forecast,73,13,1,133.2816111291758
Forecast,79,9,1,79.96896667750546
Forecast,142,9,1,79.96896667750546
Forecast,80,9,1,29.321954448418673
Forecast,145,9,1,29.321954448418673
Forecast,143,9,1,53.31264445167032
Forecast,81,9,1,23.99069000325165
Forecast,146,9,1,23.99069000325165
Forecast,82,10,1,23.99069000325165
Forecast,83,11,1,23.99069000325165
Forecast,84,12,1,23.99069000325165
Forecast,88,9,1,7.330488612104668
Forecast,89,9,1,5.705437170438145
Forecast,148,9,1,5.705437170438145
Forecast,173,9,1,5.705437170438145
Forecast,90,9,1,229.84253825919228
Forecast,160,9,1,229.84253825919228
Forecast,87,10,1,229.84253825919228
Forecast,92,9,1,79.67922404461595
Forecast,158,9,1,79.67922404461595
Forecast,93,9,1,95.61506885353914
Forecast,159,9,1,95.61506885353914
Forecast,94,9,1,43.46139493342688
Forecast,162,9,1,43.46139493342688
Forecast,95,9,1,131.83289796472823
Forecast,96,9,1,-37.54915891009378
Forecast,118,9,1,18.285252832813505
Forecast,149,9,1,18.285252832813505
Forecast,115,9,1,0.5383187323368028
Forecast,116,9,1,3.2070687323368032
Forecast,150,9,1,3.2070687323368032
Forecast,119,9,1,15.078184100476701
Forecast,151,9,1,15.078184100476701
Forecast,120,9,1,3.7695460251191752
Forecast,152,9,1,3.7695460251191752
Forecast,121,9,1,11.308638075357525
Forecast,153,9,1,11.308638075357525
Forecast,172,9,1,11.308638075357525
Forecast,122,9,1,54.56323415588945
Forecast,126,9,1,44.73274554378478
Forecast,127,9,1,4.0
Forecast,128,9,1,40.73274554378478
Forecast,130,9,1,-40.73274554378478
Forecast,178,9,1,-40.73274554378478
Forecast,132,9,1,0.0
Forecast,133,9,1,0.0
Forecast,134,9,1,20.0
Forecast,157,9,1,20.0
Forecast,184,9,1,20.0
Forecast,124,10,1,20.0
Forecast,183,10,1,20.0
Forecast,131,9,1,4.599358231945985
Forecast,163,9,1,4.599358231945985
Forecast,129,10,1,4.599358231945985
Forecast,135,9,1,197.09935823194598
Forecast,138,9,1,184.57607799197456
Forecast,167,9,1,184.57607799197456
Forecast,137,10,1,184.57607799197456
Forecast,85,9,1,94.37400949203855
Forecast,144,9,1,0.4000000000000001
Forecast,147,9,1,0.18000000000000008
Forecast,154,9,1,0.0848476993904077
Forecast,161,9,1,425.1368311573474
Forecast,168,9,1,425.1368311573474
Forecast,169,9,1,0.0
Forecast,174,9,1,37.54915891009378
Forecast,175,9,1,54.56323415588945
Forecast,176,9,1,-7.330488612104668
Forecast,179,9,1,-4.0
Forecast,180,9,1,-0.0
Forecast,181,9,1,-47.23274554378478
Forecast,182,9,1,0.0
Forecast,188,9,1,177.09935823194598
Forecast,189,9,1,2.088491940660563
Forecast,190,9,1,1.8765691866348668
Forecast,192,9,1,7.480566213425379
Forecast,194,9,1,145.40064176805402
Forecast,195,9,1,165.40064176805402
Forecast,68,10,1,6.42579816255936e-05
Forecast,63,11,1,6.42579816255936e-05
Forecast,64,12,1,6.42579816255936e-05
Forecast,65,13,1,6.42579816255936e-05
Forecast,66,14,1,6.42579816255936e-05
Forecast,67,15,1,6.42579816255936e-05
Forecast,76,10,1,0.055687432426367645
Forecast,77,10,1,101.5486371829318
Forecast,141,10,1,101.5486371829318
Forecast,70,11,1,101.5486371829318
Forecast,71,12,1,101.5486371829318
Forecast,72,13,1,101.5486371829318
Forecast,73,14,1,101.5486371829318
Forecast,79,10,1,60.92918230975908
Forecast,142,10,1,60.92918230975908
Forecast,80,10,1,22.340700180244998
Forecast,145,10,1,22.340700180244998
Forecast,143,10,1,40.61945487317272
Forecast,81,10,1,18.278754692927723
Forecast,146,10,1,18.278754692927723
Forecast,82,11,1,18.278754692927723
Forecast,83,12,1,18.278754692927723
Forecast,84,13,1,18.278754692927723
Forecast,88,10,1,5.585175045061249
Forecast,89,10,1,5.746063456479807
Forecast,148,10,1,5.746063456479807
Forecast,173,10,1,5.746063456479807
Forecast,90,10,1,229.6816498477737
Forecast,160,10,1,229.6816498477737
Forecast,87,11,1,229.6816498477737
Forecast,92,10,1,60.70842440283966
Forecast,158,10,1,60.70842440283966
Forecast,93,10,1,72.85010928340759
Forecast,159,10,1,72.85010928340759
Forecast,94,10,1,33.113686037912544
Forecast,162,10,1,33.113686037912544
Forecast,95,10,1,100.4448476483347
Forecast,96,10,1,-31.38805031639353
Forecast,118,10,1,12.532691236447917
Forecast,149,10,1,12.532691236447917
Forecast,115,10,1,0.05461737900435857
Forecast,116,10,1,2.688992379004359
Forecast,150,10,1,2.688992379004359
Forecast,119,10,1,9.843698857443558
Forecast,151,10,1,9.843698857443558
Forecast,120,10,1,2.4609247143608894
Forecast,152,10,1,2.4609247143608894
Forecast,121,10,1,7.382774143082669
Forecast,153,10,1,7.382774143082669
Forecast,172,10,1,7.382774143082669
Forecast,122,10,1,44.516887915956005
Forecast,126,10,1,-23.568287129105244
Forecast,127,10,1,0.0
Forecast,128,10,1,-23.568287129105244
Forecast,130,10,1,23.568287129105244
Forecast,178,10,1,23.568287129105244
Forecast,132,10,1,0.0
Forecast,133,10,1,0.0
Forecast,134,10,1,20.0
Forecast,157,10,1,20.0
Forecast,184,10,1,20.0
Forecast,124,11,1,20.0
Forecast,183,11,1,20.0
Forecast,131,10,1,28.16764536105123
Forecast,163,10,1,28.16764536105123
Forecast,129,11,1,28.16764536105123
Forecast,135,10,1,158.16764536105123
Forecast,138,10,1,191.9588521350572
Forecast,167,10,1,191.9588521350572
Forecast,137,11,1,191.9588521350572
Forecast,85,10,1,95.33821242326134
Forecast,144,10,1,0.4
Forecast,147,10,1,0.18
Forecast,154,10,1,0.0727018534949237
Forecast,161,10,1,383.24018353402096
Forecast,168,10,1,383.24018353402096
Forecast,169,10,1,0.0
Forecast,174,10,1,31.38805031639353
Forecast,175,10,1,44.516887915956005
Forecast,176,10,1,-5.585175045061249
Forecast,179,10,1,-0.0
Forecast,180,10,1,-0.0
Forecast,181,10,1,-38.931712870894756
Forecast,182,10,1,0.0
Forecast,188,10,1,138.16764536105123
Forecast,189,10,1,1.6590162678827434
Forecast,190,10,1,1.4492367944517914
Forecast,192,10,1,6.797622349415403
Forecast,194,10,1,121.83235463894877
Forecast,195,10,1,141.83235463894877
Forecast,68,11,1,-8.974390154126048e-05
Forecast,63,12,1,-8.974390154126048e-05
Forecast,64,13,1,-8.974390154126048e-05
Forecast,65,14,1,-8.974390154126048e-05
Forecast,66,15,1,-8.974390154126048e-05
Forecast,67,16,1,-8.974390154126048e-05
Forecast,76,11,1,0.052533430543200796
Forecast,77,11,1,132.03445677444603
Forecast,141,11,1,132.03445677444603
Forecast,70,12,1,132.03445677444603
Forecast,71,13,1,132.03445677444603
Forecast,72,14,1,132.03445677444603
Forecast,73,15,1,132.03445677444603
Forecast,79,11,1,79.22067406466762
Forecast,142,11,1,79.22067406466762
Forecast,80,11,1,29.047580490378127
Forecast,145,11,1,29.047580490378127
Forecast,143,11,1,52.81378270977841
Forecast,81,11,1,23.76620221940028
Forecast,146,11,1,23.76620221940028
Forecast,82,12,1,23.76620221940028
Forecast,83,13,1,23.76620221940028
Forecast,84,14,1,23.76620221940028
Forecast,88,11,1,7.261895122594532
Forecast,89,11,1,5.7420412461943435
Forecast,148,11,1,5.7420412461943435
Forecast,173,11,1,5.7420412461943435
Forecast,90,11,1,231.2015037241739
Forecast,160,11,1,231.2015037241739
Forecast,87,12,1,231.2015037241739
Forecast,92,11,1,79.8010453032366
Forecast,158,11,1,79.8010453032366
Forecast,93,11,1,95.76125436388394
Forecast,159,11,1,95.76125436388394
Forecast,94,11,1,43.52784289267452
Forecast,162,11,1,43.52784289267452
Forecast,95,11,1,132.03445677444603
Forecast,96,11,1,31.589609126111327
Forecast,118,11,1,18.024160973205937
Forecast,149,11,1,18.024160973205937
Forecast,115,11,1,0.33449078866248333
Forecast,116,11,1,2.2219907886624832
Forecast,150,11,1,2.2219907886624832
Forecast,119,11,1,15.802170184543455
Forecast,151,11,1,15.802170184543455
Forecast,120,11,1,3.9505425461358636
Forecast,152,11,1,3.9505425461358636
Forecast,121,11,1,11.85162763840759
Forecast,153,11,1,11.85162763840759
Forecast,172,11,1,11.85162763840759
Forecast,122,11,1,-13.995940241509395
Forecast,126,11,1,-23.757835364103926
Forecast,127,11,1,0.0
Forecast,128,11,1,-23.757835364103926
Forecast,130,11,1,23.757835364103926
Forecast,178,11,1,23.757835364103926
Forecast,132,11,1,0.0
Forecast,133,11,1,0.0
Forecast,134,11,1,20.0
Forecast,157,11,1,20.0
Forecast,184,11,1,20.0
Forecast,124,12,1,20.0
Forecast,183,12,1,20.0
Forecast,131,11,1,51.925480725155154
Forecast,163,11,1,51.925480725155154
Forecast,129,12,1,51.925480725155154
Forecast,135,11,1,179.42548072515515
Forecast,138,11,1,203.8104797734648
Forecast,167,11,1,203.8104797734648
Forecast,137,12,1,203.8104797734648
Forecast,85,11,1,96.52441715304764
Forecast,144,11,1,0.39999999999999997
Forecast,147,11,1,0.17999999999999997
Forecast,154,11,1,0.08976162683543798
Forecast,161,11,1,426.76380339129446
Forecast,168,11,1,426.76380339129446
Forecast,169,11,1,0.0
Forecast,174,11,1,-31.589609126111327
Forecast,175,11,1,-13.995940241509395
Forecast,176,11,1,-7.261895122594532
Forecast,179,11,1,-0.0
Forecast,180,11,1,-0.0
Forecast,181,11,1,21.257835364103926
Forecast,182,11,1,0.0
Forecast,188,11,1,159.42548072515515
Forecast,189,11,1,1.8588610635240703
Forecast,190,11,1,1.651659605179201
Forecast,192,11,1,10.69590492483825
Forecast,194,11,1,98.07451927484485
Forecast,195,11,1,118.07451927484485
Forecast,68,12,1,-0.0001347248105056192
Forecast,63,13,1,-0.0001347248105056192
Forecast,64,14,1,-0.0001347248105056192
Forecast,65,15,1,-0.0001347248105056192
Forecast,66,16,1,-0.0001347248105056192
Forecast,67,17,1,-0.0001347248105056192
Forecast,76,12,1,0.05248844963423644
Forecast,77,12,1,178.27265843603948
Forecast,141,12,1,178.27265843603948
Forecast,70,13,1,178.27265843603948
Forecast,71,14,1,178.27265843603948
Forecast,72,15,1,178.27265843603948
Forecast,73,16,1,178.27265843603948
Forecast,79,12,1,106.96359506162368
Forecast,142,12,1,106.96359506162368
Forecast,80,12,1,39.219984855928686
Forecast,145,12,1,39.219984855928686
Forecast,143,12,1,71.3090633744158
Forecast,81,12,1,32.08907851848711
Forecast,146,12,1,32.08907851848711
Forecast,82,13,1,32.08907851848711
Forecast,83,14,1,32.08907851848711
Forecast,84,15,1,32.08907851848711
Forecast,88,12,1,9.804996213982172
Forecast,89,12,1,5.780037593104348
Forecast,148,12,1,5.780037593104348
Forecast,173,12,1,5.780037593104348
Forecast,90,12,1,235.22646234505174
Forecast,160,12,1,235.22646234505174
Forecast,87,13,1,235.22646234505174
Forecast,92,12,1,107.74721114266123
Forecast,158,12,1,107.74721114266123
Forecast,93,12,1,129.29665337119346
Forecast,159,12,1,129.29665337119346
Forecast,94,12,1,58.77120607781521
Forecast,162,12,1,58.77120607781521
Forecast,95,12,1,178.27265843603948
Forecast,96,12,1,46.23820166159345
Forecast,118,12,1,26.309040925382767
Forecast,149,12,1,26.309040925382767
Forecast,115,12,1,0.6166150836112174
Forecast,116,12,1,2.4697400836112173
Forecast,150,12,1,2.4697400836112173
Forecast,119,12,1,23.83930084177155
Forecast,151,12,1,23.83930084177155
Forecast,120,12,1,5.9598252104428875
Forecast,152,12,1,5.9598252104428875
Forecast,121,12,1,17.879475631328663
Forecast,153,12,1,17.879475631328663
Forecast,172,12,1,17.879475631328663
Forecast,122,12,1,-22.578688437160437
Forecast,126,12,1,-34.88368465114261
Forecast,127,12,1,0.0
Forecast,128,12,1,-34.88368465114261
Forecast,130,12,1,34.88368465114261
Forecast,178,12,1,34.88368465114261
Forecast,132,12,1,0.0
Forecast,133,12,1,0.0
Forecast,134,12,1,20.0
Forecast,157,12,1,20.0
Forecast,184,12,1,20.0
Forecast,124,13,1,20.0
Forecast,183,13,1,20.0
Forecast,131,12,1,86.80916537629776
Forecast,163,12,1,86.80916537629776
Forecast,129,13,1,86.80916537629776
Forecast,135,12,1,211.80916537629776
Forecast,138,12,1,221.68995540479347
Forecast,167,12,1,221.68995540479347
Forecast,137,13,1,221.68995540479347
Forecast,85,12,1,98.12472543406676
Forecast,144,12,1,0.4
Forecast,147,12,1,0.18000000000000005
Forecast,154,12,1,0.10029286480710359
Forecast,161,12,1,492.27032685890646
Forecast,168,12,1,492.27032685890646
Forecast,169,12,1,0.0
Forecast,174,12,1,-46.23820166159345
Forecast,175,12,1,-22.578688437160437
Forecast,176,12,1,-9.804996213982172
Forecast,179,12,1,-0.0
Forecast,180,12,1,-0.0
Forecast,181,12,1,32.38368465114261
Forecast,182,12,1,0.0
Forecast,188,12,1,191.80916537629776
Forecast,189,12,1,2.1585707826374434
Forecast,190,12,1,1.954748556266592
Forecast,192,12,1,12.992896998119308
Forecast,194,12,1,63.190834623702244
Forecast,195,12,1,83.19083462370224
Forecast,68,13,1,1.7019528636557916e-05
Forecast,63,14,1,1.7019528636557916e-05
Forecast,64,15,1,1.7019528636557916e-05
Forecast,65,16,1,1.7019528636557916e-05
Forecast,66,17,1,1.7019528636557916e-05
Forecast,67,18,1,1.7019528636557916e-05
Forecast,76,13,1,0.052640193973378616
Forecast,77,13,1,140.29758099210002
Forecast,141,13,1,140.29758099210002
Forecast,70,14,1,140.29758099210002
Forecast,71,15,1,140.29758099210002
Forecast,72,16,1,140.29758099210002
Forecast,73,17,1,140.29758099210002
Forecast,79,13,1,84.17854859526001
Forecast,142,13,1,84.17854859526001
Forecast,80,13,1,30.865467818262005
Forecast,145,13,1,30.865467818262005
Forecast,143,13,1,56.11903239684001
Forecast,81,13,1,25.253564578578008
Forecast,146,13,1,25.253564578578008
Forecast,82,14,1,25.253564578578008
Forecast,83,15,1,25.253564578578008
Forecast,84,16,1,25.253564578578008
Forecast,88,13,1,7.716366954565501
Forecast,89,13,1,5.880661558626294
Forecast,148,13,1,5.880661558626294
Forecast,173,13,1,5.880661558626294
Forecast,90,13,1,237.06216774099096
Forecast,160,13,1,237.06216774099096
Forecast,87,14,1,237.06216774099096
Forecast,92,13,1,83.87355385397284
Forecast,158,13,1,83.87355385397284
Forecast,93,13,1,100.6482646247674
Forecast,159,13,1,100.6482646247674
Forecast,94,13,1,45.74921119307609
Forecast,162,13,1,45.74921119307609
Forecast,95,13,1,138.77260728566415
Forecast,96,13,1,-39.50005115037533
Forecast,118,13,1,19.372903019951714
Forecast,149,13,1,19.372903019951714
Forecast,115,13,1,1.0308588388435358
Forecast,116,13,1,2.849608838843536
Forecast,150,13,1,2.849608838843536
Forecast,119,13,1,16.523294181108177
Forecast,151,13,1,16.523294181108177
Forecast,120,13,1,4.130823545277044
Forecast,152,13,1,4.130823545277044
Forecast,121,13,1,12.392470635831133
Forecast,153,13,1,12.392470635831133
Forecast,172,13,1,12.392470635831133
Forecast,122,13,1,57.77318334483275
Forecast,126,13,1,47.55681639026725
Forecast,127,13,1,4.0
Forecast,128,13,1,43.55681639026725
Forecast,130,13,1,-43.55681639026725
Forecast,178,13,1,-43.55681639026725
Forecast,132,13,1,0.0
Forecast,133,13,1,0.0
Forecast,134,13,1,20.0
Forecast,157,13,1,20.0
Forecast,184,13,1,20.0
Forecast,124,14,1,20.0
Forecast,183,14,1,20.0
Forecast,131,13,1,43.252348986030505
Forecast,163,13,1,43.252348986030505
Forecast,129,14,1,43.252348986030505
Forecast,135,13,1,165.7523489860305
Forecast,138,13,1,230.0824260406246
Forecast,167,13,1,230.0824260406246
Forecast,137,14,1,230.0824260406246
Forecast,85,13,1,99.38760000939313
Forecast,144,13,1,0.4
Forecast,147,13,1,0.18000000000000002
Forecast,154,13,1,0.08832989527117319
Forecast,161,13,1,441.5839862197312
Forecast,168,13,1,441.5839862197312
Forecast,169,13,1,0.0
Forecast,174,13,1,39.50005115037533
Forecast,175,13,1,57.77318334483275
Forecast,176,13,1,-7.716366954565501
Forecast,179,13,1,-4.0
Forecast,180,13,1,-0.0
Forecast,181,13,1,-50.05681639026725
Forecast,182,13,1,0.0
Forecast,188,13,1,145.7523489860305
Forecast,189,13,1,1.667736709311476
Forecast,190,13,1,1.4665043624381255
Forecast,192,13,1,8.86211617339969
Forecast,194,13,1,106.74765101396949
Forecast,195,13,1,126.74765101396949
Forecast,68,14,1,-2.1856790233658927e-05
Forecast,63,15,1,-2.1856790233658927e-05
Forecast,64,16,1,-2.1856790233658927e-05
Forecast,65,17,1,-2.1856790233658927e-05
Forecast,66,18,1,-2.1856790233658927e-05
Forecast,67,19,1,-2.1856790233658927e-05
Forecast,76,14,1,0.0526013176545084
Forecast,77,14,1,106.89022930477361
Forecast,141,14,1,106.89022930477361
Forecast,70,15,1,106.89022930477361
Forecast,71,16,1,106.89022930477361
Forecast,72,17,1,106.89022930477361
Forecast,73,18,1,106.89022930477361
Forecast,79,14,1,64.13413758286417
Forecast,142,14,1,64.13413758286417
Forecast,80,14,1,23.515850447050195
Forecast,145,14,1,23.515850447050195
Forecast,143,14,1,42.75609172190944
Forecast,81,14,1,19.240241274859248
Forecast,146,14,1,19.240241274859248
Forecast,82,15,1,19.240241274859248
Forecast,83,16,1,19.240241274859248
Forecast,84,17,1,19.240241274859248
Forecast,88,14,1,5.878962611762549
Forecast,89,14,1,5.926554193524774
Forecast,148,14,1,5.926554193524774
Forecast,173,14,1,5.926554193524774
Forecast,90,14,1,237.01457615922874
Forecast,160,14,1,237.01457615922874
Forecast,87,15,1,237.01457615922874
Forecast,92,14,1,63.901767519158135
Forecast,158,14,1,63.901767519158135
Forecast,93,14,1,76.68212102298978
Forecast,159,14,1,76.68212102298978
Forecast,94,14,1,34.85550955590444
Forecast,162,14,1,34.85550955590444
Forecast,95,14,1,105.72837898624348
Forecast,96,14,1,-33.044228299420666
Forecast,118,14,1,13.313687081334473
Forecast,149,14,1,13.313687081334473
Forecast,115,14,1,0.5136216442091123
Forecast,116,14,1,2.297996644209112
Forecast,150,14,1,2.297996644209112
Forecast,119,14,1,11.015690437125361
Forecast,151,14,1,11.015690437125361
Forecast,120,14,1,2.7539226092813403
Forecast,152,14,1,2.7539226092813403
Forecast,121,14,1,8.261767827844022
Forecast,153,14,1,8.261767827844022
Forecast,172,14,1,8.261767827844022
Forecast,122,14,1,47.232550320789464
Forecast,126,14,1,38.85358770902692
Forecast,127,14,1,4.0
Forecast,128,14,1,34.85358770902692
Forecast,130,14,1,-34.85358770902692
Forecast,178,14,1,-34.85358770902692
Forecast,132,14,1,0.0
Forecast,133,14,1,0.0
Forecast,134,14,1,20.0
Forecast,157,14,1,20.0
Forecast,184,14,1,20.0
Forecast,124,15,1,20.0
Forecast,183,15,1,20.0
Forecast,131,14,1,8.398761277003587
Forecast,163,14,1,8.398761277003587
Forecast,129,15,1,8.398761277003587
Forecast,135,14,1,128.3987612770036
Forecast,138,14,1,234.3441938684686
Forecast,167,14,1,234.3441938684686
Forecast,137,15,1,234.3441938684686
Forecast,85,14,1,100.34908659132465
Forecast,144,14,1,0.39999999999999997
Forecast,147,14,1,0.17999999999999997
Forecast,154,14,1,0.07729207694266832
Forecast,161,14,1,397.59846470137666
Forecast,168,14,1,397.59846470137666
Forecast,169,14,1,0.0
Forecast,174,14,1,33.044228299420666
Forecast,175,14,1,47.232550320789464
Forecast,176,14,1,-5.878962611762549
Forecast,179,14,1,-4.0
Forecast,180,14,1,-0.0
Forecast,181,14,1,-41.35358770902692
Forecast,182,14,1,0.0
Forecast,188,14,1,108.39876127700359
Forecast,189,14,1,1.2795209766075128
Forecast,190,14,1,1.0802167210396396
Forecast,192,14,1,8.372615044214326
Forecast,194,14,1,141.6012387229964
Forecast,195,14,1,161.6012387229964
Forecast,68,15,1,2.5375533014789634e-05
Forecast,63,16,1,2.5375533014789634e-05
Forecast,64,17,1,2.5375533014789634e-05
Forecast,65,18,1,2.5375533014789634e-05
Forecast,66,19,1,2.5375533014789634e-05
Forecast,67,20,1,2.5375533014789634e-05
Forecast,76,15,1,0.052648549977756844
Forecast,77,15,1,138.98587947072144
Forecast,141,15,1,138.98587947072144
Forecast,70,16,1,138.98587947072144
Forecast,71,17,1,138.98587947072144
Forecast,72,18,1,138.98587947072144
Forecast,73,19,1,138.98587947072144
Forecast,79,15,1,83.39152768243287
Forecast,142,15,1,83.39152768243287
Forecast,80,15,1,30.576893483558717
Forecast,145,15,1,30.576893483558717
Forecast,143,15,1,55.59435178828858
Forecast,81,15,1,25.01745830472986
Forecast,146,15,1,25.01745830472986
Forecast,82,16,1,25.01745830472986
Forecast,83,17,1,25.01745830472986
Forecast,84,18,1,25.01745830472986
Forecast,88,15,1,7.644223370889679
Forecast,89,15,1,5.925364403980719
Forecast,148,15,1,5.925364403980719
Forecast,173,15,1,5.925364403980719
Forecast,90,15,1,238.7334351261377
Forecast,160,15,1,238.7334351261377
Forecast,87,16,1,238.7334351261377
Forecast,92,15,1,84.93581523210754
Forecast,158,15,1,84.93581523210754
Forecast,93,15,1,101.92297827852906
Forecast,159,15,1,101.92297827852906
Forecast,94,15,1,46.32862649024048
Forecast,162,15,1,46.32862649024048
Forecast,95,15,1,140.5301670203961
Forecast,96,15,1,34.80178803415262
Forecast,118,15,1,19.09209390074914
Forecast,149,15,1,19.09209390074914
Forecast,115,15,1,0.0997352901644176
Forecast,116,15,1,1.8497352901644175
Forecast,150,15,1,1.8497352901644175
Forecast,119,15,1,17.242358610584724
Forecast,151,15,1,17.242358610584724
Forecast,120,15,1,4.310589652646181
Forecast,152,15,1,4.310589652646181
Forecast,121,15,1,12.931768957938543
Forecast,153,15,1,12.931768957938543
Forecast,172,15,1,12.931768957938543
Forecast,122,15,1,-15.944654672233362
Forecast,126,15,1,-26.088878043123042
Forecast,127,15,1,0.0
Forecast,128,15,1,-26.088878043123042
Forecast,130,15,1,26.088878043123042
Forecast,178,15,1,26.088878043123042
Forecast,132,15,1,0.0
Forecast,133,15,1,0.0
Forecast,134,15,1,20.0
Forecast,157,15,1,20.0
Forecast,184,15,1,20.0
Forecast,124,16,1,20.0
Forecast,183,16,1,20.0
Forecast,131,15,1,34.48763932012663
Forecast,163,15,1,34.48763932012663
Forecast,129,16,1,34.48763932012663
Forecast,135,15,1,151.98763932012662
Forecast,138,15,1,247.27596282640715
Forecast,167,15,1,247.27596282640715
Forecast,137,16,1,247.27596282640715
Forecast,85,15,1,101.60034267665422
Forecast,144,15,1,0.4
Forecast,147,15,1,0.18
Forecast,154,15,1,0.0930437610438169
Forecast,161,15,1,445.5922286367743
Forecast,168,15,1,445.5922286367743
Forecast,169,15,1,0.0
Forecast,174,15,1,-34.80178803415262
Forecast,175,15,1,-15.944654672233362
Forecast,176,15,1,-7.644223370889679
Forecast,179,15,1,-0.0
Forecast,180,15,1,-0.0
Forecast,181,15,1,23.588878043123042
Forecast,182,15,1,0.0
Forecast,188,15,1,131.98763932012662
Forecast,189,15,1,1.495936286394538
Forecast,190,15,1,1.2990865566288567
Forecast,192,15,1,13.524885662156628
Forecast,194,15,1,115.51236067987337
Forecast,195,15,1,135.51236067987338
Forecast,68,16,1,3.948886068313265e-05
Forecast,63,17,1,3.948886068313265e-05
Forecast,64,18,1,3.948886068313265e-05
Forecast,65,19,1,3.948886068313265e-05
Forecast,66,20,1,3.948886068313265e-05
Forecast,67,21,1,3.948886068313265e-05
Forecast,76,16,1,0.05266266330542519
Forecast,77,16,1,187.6609714238197
Forecast,141,16,1,187.6609714238197
Forecast,70,17,1,187.6609714238197
Forecast,71,18,1,187.6609714238197
Forecast,72,19,1,187.6609714238197
Forecast,73,20,1,187.6609714238197
Forecast,79,16,1,112.59658285429181
Forecast,142,16,1,112.59658285429181
Forecast,80,16,1,41.28541371324033
Forecast,145,16,1,41.28541371324033
Forecast,143,16,1,75.06438856952788
Forecast,81,16,1,33.77897485628755
Forecast,146,16,1,33.77897485628755
Forecast,82,17,1,33.77897485628755
Forecast,83,18,1,33.77897485628755
Forecast,84,19,1,33.77897485628755
Forecast,88,16,1,10.321353428310083
Forecast,89,16,1,5.968335878153443
Forecast,148,16,1,5.968335878153443
Forecast,173,16,1,5.968335878153443
Forecast,90,16,1,243.08645267629433
Forecast,160,16,1,243.08645267629433
Forecast,87,17,1,243.08645267629433
Forecast,92,16,1,113.42146624516575
Forecast,158,16,1,113.42146624516575
Forecast,93,16,1,136.1057594941989
Forecast,159,16,1,136.1057594941989
Forecast,94,16,1,61.86625431554496
Forecast,162,16,1,61.86625431554496
Forecast,95,16,1,187.66097142381972
Forecast,96,16,1,47.13080440342361
Forecast,118,16,1,27.810638978134104
Forecast,149,16,1,27.810638978134104
Forecast,115,16,1,0.4095407169265038
Forecast,116,16,1,2.125165716926504
Forecast,150,16,1,2.125165716926504
Forecast,119,16,1,25.6854732612076
Forecast,151,16,1,25.6854732612076
Forecast,120,16,1,6.4213683153019
Forecast,152,16,1,6.4213683153019
Forecast,121,16,1,19.2641049459057
Forecast,153,16,1,19.2641049459057
Forecast,172,16,1,19.2641049459057
Forecast,122,16,1,-21.898363579364467
Forecast,126,16,1,-34.71971700767455
Forecast,127,16,1,0.0
Forecast,128,16,1,-34.71971700767455
Forecast,130,16,1,34.71971700767455
Forecast,178,16,1,34.71971700767455
Forecast,132,16,1,0.0
Forecast,133,16,1,0.0
Forecast,134,16,1,20.0
Forecast,157,16,1,20.0
Forecast,184,16,1,20.0
Forecast,124,17,1,20.0
Forecast,183,17,1,20.0
Forecast,131,16,1,69.20735632780118
Forecast,163,16,1,69.20735632780118
Forecast,129,17,1,69.20735632780118
Forecast,135,16,1,184.20735632780116
Forecast,138,16,1,266.54006777231285
Forecast,167,16,1,266.54006777231285
Forecast,137,17,1,266.54006777231285
Forecast,85,16,1,103.29023901445466
Forecast,144,16,1,0.4
Forecast,147,16,1,0.18000000000000002
Forecast,154,16,1,0.10265376332513496
Forecast,161,16,1,512.613678415659
Forecast,168,16,1,512.613678415659
Forecast,169,16,1,0.0
Forecast,174,16,1,-47.13080440342361
Forecast,175,16,1,-21.898363579364467
Forecast,176,16,1,-10.321353428310083
Forecast,179,16,1,-0.0
Forecast,180,16,1,-0.0
Forecast,181,16,1,32.21971700767455
Forecast,182,16,1,0.0
Forecast,188,16,1,164.20735632780116
Forecast,189,16,1,1.7833955859277544
Forecast,190,16,1,1.589766447387363
Forecast,192,16,1,15.894748624657844
Forecast,194,16,1,80.79264367219882
Forecast,195,16,1,100.79264367219882
Forecast,68,17,1,-5.6630080720992395e-06
Forecast,63,18,1,-5.6630080720992395e-06
Forecast,64,19,1,-5.6630080720992395e-06
Forecast,65,20,1,-5.6630080720992395e-06
Forecast,66,21,1,-5.6630080720992395e-06
Forecast,67,22,1,-5.6630080720992395e-06
Forecast,76,17,1,0.052617511436669956
Forecast,77,17,1,147.679690564489
Forecast,141,17,1,147.679690564489
Forecast,70,18,1,147.679690564489
Forecast,71,19,1,147.679690564489
Forecast,72,20,1,147.679690564489
Forecast,73,21,1,147.679690564489
Forecast,79,17,1,88.60781433869339
Forecast,142,17,1,88.60781433869339
Forecast,80,17,1,32.48953192418758
Forecast,145,17,1,32.48953192418758
Forecast,143,17,1,59.071876225795606
Forecast,81,17,1,26.582344301608025
Forecast,146,17,1,26.582344301608025
Forecast,82,18,1,26.582344301608025
Forecast,83,19,1,26.582344301608025
Forecast,84,20,1,26.582344301608025
Forecast,88,17,1,8.122382981046895
Forecast,89,17,1,6.077161316907358
Forecast,148,17,1,6.077161316907358
Forecast,173,17,1,6.077161316907358
Forecast,90,17,1,245.13167434043385
Forecast,160,17,1,245.13167434043385
Forecast,87,18,1,245.13167434043385
Forecast,92,17,1,88.28677153311841
Forecast,158,17,1,88.28677153311841
Forecast,93,17,1,105.94412583974209
Forecast,159,17,1,105.94412583974209
Forecast,94,17,1,48.156420836246404
Forecast,162,17,1,48.156420836246404
Forecast,95,17,1,146.0744765366141
Forecast,96,17,1,-41.58649488720562
Forecast,118,17,1,20.505182984700667
Forecast,149,17,1,20.505182984700667
Forecast,115,17,1,0.821837356392639
Forecast,116,17,1,2.503087356392639
Forecast,150,17,1,2.503087356392639
Forecast,119,17,1,18.002095628308027
Forecast,151,17,1,18.002095628308027
Forecast,120,17,1,4.500523907077007
Forecast,152,17,1,4.500523907077007
Forecast,121,17,1,13.50157172123102
Forecast,153,17,1,13.50157172123102
Forecast,172,17,1,13.50157172123102
Forecast,122,17,1,61.165227925344
Forecast,126,17,1,50.5428449442971
Forecast,127,17,1,4.0
Forecast,128,17,1,46.5428449442971
Forecast,130,17,1,-46.5428449442971
Forecast,178,17,1,-46.5428449442971
Forecast,132,17,1,0.0
Forecast,133,17,1,0.0
Forecast,134,17,1,20.0
Forecast,157,17,1,20.0
Forecast,184,17,1,20.0
Forecast,124,18,1,20.0
Forecast,183,18,1,20.0
Forecast,131,17,1,22.664511383504077
Forecast,163,17,1,22.664511383504077
Forecast,129,18,1,22.664511383504077
Forecast,135,17,1,135.16451138350408
Forecast,138,17,1,276.04163949354387
Forecast,167,17,1,276.04163949354387
Forecast,137,18,1,276.04163949354387
Forecast,85,17,1,104.61901873748468
Forecast,144,17,1,0.4000000000000001
Forecast,147,17,1,0.18000000000000005
Forecast,154,17,1,0.09142470213488925
Forecast,161,17,1,459.36257171329436
Forecast,168,17,1,459.36257171329436
Forecast,169,17,1,0.0
Forecast,174,17,1,41.58649488720562
Forecast,175,17,1,61.165227925344
Forecast,176,17,1,-8.122382981046895
Forecast,179,17,1,-4.0
Forecast,180,17,1,-0.0
Forecast,181,17,1,-53.0428449442971
Forecast,182,17,1,0.0
Forecast,188,17,1,115.16451138350408
Forecast,189,17,1,1.291968831428879
Forecast,190,17,1,1.100799001685159
Forecast,192,17,1,10.619822849458023
Forecast,194,17,1,127.33548861649592
Forecast,195,17,1,147.33548861649592
Forecast,68,18,1,6.222747381418559e-06
Forecast,63,19,1,6.222747381418559e-06
Forecast,64,20,1,6.222747381418559e-06
Forecast,65,21,1,6.222747381418559e-06
Forecast,66,22,1,6.222747381418559e-06
Forecast,76,18,1,0.05262939719212348
Forecast,77,18,1,112.51579763881169
Forecast,141,18,1,112.51579763881169
Forecast,70,19,1,112.51579763881169
Forecast,71,20,1,112.51579763881169
Forecast,72,21,1,112.51579763881169
Forecast,73,22,1,112.51579763881169
Forecast,79,18,1,67.509478583287
Forecast,142,18,1,67.509478583287
Forecast,80,18,1,24.753475480538572
Forecast,145,18,1,24.753475480538572
Forecast,143,18,1,45.006319055524685
Forecast,81,18,1,20.252843574986112
Forecast,146,18,1,20.252843574986112
Forecast,82,19,1,20.252843574986112
Forecast,83,20,1,20.252843574986112
Forecast,84,21,1,20.252843574986112
Forecast,88,18,1,6.188368870134643
Forecast,89,18,1,6.128291858510846
Forecast,148,18,1,6.128291858510846
Forecast,173,18,1,6.128291858510846
Forecast,90,18,1,245.19175135205765
Forecast,160,18,1,245.19175135205765
Forecast,87,19,1,245.19175135205765
Forecast,92,18,1,67.26487902320264
Forecast,158,18,1,67.26487902320264
Forecast,93,18,1,80.71785482784317
Forecast,159,18,1,80.71785482784317
Forecast,94,18,1,36.68993401265598
Forecast,162,18,1,36.68993401265598
Forecast,95,18,1,111.29279983838981
Forecast,96,18,1,-34.78167669822429
Forecast,118,18,1,14.124551716475267
Forecast,149,18,1,14.124551716475267
Forecast,115,18,1,0.2691410726791109
Forecast,116,18,1,1.9160160726791111
Forecast,150,18,1,1.9160160726791111
Forecast,119,18,1,12.208535643796155
Forecast,151,18,1,12.208535643796155
Forecast,120,18,1,3.052133910949039
Forecast,152,18,1,3.052133910949039
Forecast,121,18,1,9.156401732847117
Forecast,153,18,1,9.156401732847117
Forecast,172,18,1,9.156401732847117
Forecast,122,18,1,50.06637028958225
Forecast,126,18,1,41.37800141944761
Forecast,127,18,1,4.0
Forecast,128,18,1,37.37800141944761
Forecast,130,18,1,-22.664511383504077
Forecast,178,18,1,-22.664511383504077
Forecast,132,18,1,14.71349003594353
Forecast,133,18,1,7.356745017971765
Forecast,134,18,1,27.356745017971765
Forecast,157,18,1,27.356745017971765
Forecast,184,18,1,27.356745017971765
Forecast,124,19,1,27.356745017971765
Forecast,183,19,1,27.356745017971765
Forecast,131,18,1,0.0
Forecast,163,18,1,0.0
Forecast,129,19,1,0.0
Forecast,135,18,1,110.0
Forecast,138,18,1,273.84129620841924
Forecast,167,18,1,273.84129620841924
Forecast,137,19,1,273.84129620841924
Forecast,85,18,1,105.63162103761154
Forecast,144,18,1,0.4000000000000001
Forecast,147,18,1,0.18000000000000008
Forecast,154,18,1,0.08137881013153542
Forecast,161,18,1,420.53123022107525
Forecast,168,18,1,420.53123022107525
Forecast,169,18,1,0.0
Forecast,174,18,1,34.78167669822429
Forecast,175,18,1,50.06637028958225
Forecast,176,18,1,-6.188368870134643
Forecast,179,18,1,-4.0
Forecast,180,18,1,-7.356745017971765
Forecast,181,18,1,-36.52125640147584
Forecast,182,18,1,7.356745017971768
Forecast,188,18,1,82.64325498202824
Forecast,189,18,1,1.0413548416608418
Forecast,190,18,1,0.7823723064195144
Forecast,192,18,1,10.570288978143662
Forecast,194,18,1,150.0
Forecast,195,18,1,177.35674501797178
Forecast,68,19,1,-7.81323371764436e-06
Forecast,63,20,1,-7.81323371764436e-06
Forecast,64,21,1,-7.81323371764436e-06
Forecast,65,22,1,-7.81323371764436e-06
Forecast,76,19,1,0.05261536121102441
Forecast,77,19,1,146.29867172230536
Forecast,141,19,1,146.29867172230536
Forecast,70,20,1,146.29867172230536
Forecast,71,21,1,146.29867172230536
Forecast,72,22,1,146.29867172230536
Forecast,79,19,1,87.77920303338321
Forecast,142,19,1,87.77920303338321
Forecast,80,19,1,32.18570777890718
Forecast,145,19,1,32.18570777890718
Forecast,143,19,1,58.519468688922146
Forecast,81,19,1,26.333760910014966
Forecast,146,19,1,26.333760910014966
Forecast,82,20,1,26.333760910014966
Forecast,83,21,1,26.333760910014966
Forecast,84,22,1,26.333760910014966
Forecast,88,19,1,8.046426944726795
Forecast,89,19,1,6.129793783801442
Forecast,148,19,1,6.129793783801442
Forecast,173,19,1,6.129793783801442
Forecast,90,19,1,247.108384512983
Forecast,160,19,1,247.108384512983
Forecast,87,20,1,247.108384512983
Forecast,92,19,1,89.40474383029772
Forecast,158,19,1,89.40474383029772
Forecast,93,19,1,107.28569259635726
Forecast,159,19,1,107.28569259635726
Forecast,94,19,1,48.76622390743512
Forecast,162,19,1,48.76622390743512
Forecast,95,19,1,147.92421251921985
Forecast,96,19,1,36.63141268083004
Forecast,118,19,1,20.203967126213524
Forecast,149,19,1,20.203967126213524
Forecast,115,19,1,0.0
Forecast,116,19,1,1.6124999999999998
Forecast,150,19,1,1.6124999999999998
Forecast,119,19,1,18.591467126213523
Forecast,151,19,1,18.591467126213523
Forecast,120,19,1,4.647866781553381
Forecast,152,19,1,4.647866781553381
Forecast,121,19,1,13.943600344660142
Forecast,153,19,1,13.943600344660142
Forecast,172,19,1,13.943600344660142
Forecast,122,19,1,-16.558018552368456
Forecast,126,19,1,-19.747700479123488
Forecast,127,19,1,0.0
Forecast,128,19,1,-19.747700479123488
Forecast,130,19,1,19.747700479123488
Forecast,178,19,1,19.747700479123488
Forecast,132,19,1,0.0
Forecast,133,19,1,0.0
Forecast,134,19,1,20.0
Forecast,157,19,1,20.0
Forecast,184,19,1,20.0
Forecast,124,20,1,20.0
Forecast,183,20,1,20.0
Forecast,131,19,1,19.747700479123488
Forecast,163,19,1,19.747700479123488
Forecast,129,20,1,19.747700479123488
Forecast,135,19,1,127.2477004791235
Forecast,138,19,1,287.78489655307936
Forecast,167,19,1,287.78489655307936
Forecast,137,20,1,287.78489655307936
Forecast,85,19,1,106.94792364289664
Forecast,144,19,1,0.4
Forecast,147,19,1,0.18000000000000002
Forecast,154,19,1,0.09530913835722979
Forecast,161,19,1,463.79882093963795
Forecast,168,19,1,463.79882093963795
Forecast,169,19,1,0.0
Forecast,174,19,1,-36.63141268083004
Forecast,175,19,1,-16.558018552368456
Forecast,176,19,1,-8.046426944726795
Forecast,179,19,1,-0.0
Forecast,180,19,1,-0.0
Forecast,181,19,1,17.247700479123488
Forecast,182,19,1,-7.356745017971761
Forecast,188,19,1,107.2477004791235
Forecast,189,19,1,1.1898099200505157
Forecast,190,19,1,1.0028030168891153
Forecast,192,19,1,16.331014517838742
Forecast,194,19,1,130.2522995208765
Forecast,195,19,1,150.2522995208765
Forecast,68,20,1,-1.1967002492864279e-05
Forecast,63,21,1,-1.1967002492864279e-05
Forecast,64,22,1,-1.1967002492864279e-05
Forecast,76,20,1,0.052611207442249196
Forecast,77,20,1,197.53404172021226
Forecast,141,20,1,197.53404172021226
Forecast,70,21,1,197.53404172021226
Forecast,71,22,1,197.53404172021226
Forecast,79,20,1,118.52042503212735
Forecast,142,20,1,118.52042503212735
Forecast,80,20,1,43.4574891784467
Forecast,145,20,1,43.4574891784467
Forecast,143,20,1,79.01361668808491
Forecast,81,20,1,35.55612750963821
Forecast,146,20,1,35.55612750963821
Forecast,82,21,1,35.55612750963821
Forecast,83,22,1,35.55612750963821
Forecast,88,20,1,10.864372294611675
Forecast,89,20,1,6.177709612824575
Forecast,148,20,1,6.177709612824575
Forecast,173,20,1,6.177709612824575
Forecast,90,20,1,251.79504719477012
Forecast,160,20,1,251.79504719477012
Forecast,87,21,1,251.79504719477012
Forecast,92,20,1,119.38870653419421
Forecast,158,20,1,119.38870653419421
Forecast,93,20,1,143.26644784103306
Forecast,159,20,1,143.26644784103306
Forecast,94,20,1,65.12111265501503
Forecast,162,20,1,65.12111265501503
Forecast,95,20,1,197.53404172021223
Forecast,96,20,1,49.60982920099238
Forecast,118,20,1,29.378417896813634
Forecast,149,20,1,29.378417896813634
Forecast,115,20,1,0.23450394318959142
Forecast,116,20,1,1.8126289431895914
Forecast,150,20,1,1.8126289431895914
Forecast,119,20,1,27.565788953624043
Forecast,151,20,1,27.565788953624043
Forecast,120,20,1,6.891447238406011
Forecast,152,20,1,6.891447238406011
Forecast,121,20,1,20.674341715218034
Forecast,153,20,1,20.674341715218034
Forecast,172,20,1,20.674341715218034
Forecast,122,20,1,-22.75777787294977
Forecast,126,20,1,-116.12215016756144
Forecast,127,20,1,0.0
Forecast,128,20,1,-116.12215016756144
Forecast,130,20,1,116.12215016756144
Forecast,178,20,1,116.12215016756144
Forecast,132,20,1,0.0
Forecast,133,20,1,0.0
Forecast,134,20,1,20.0
Forecast,157,20,1,20.0
Forecast,184,20,1,20.0
Forecast,124,21,1,20.0
Forecast,183,21,1,20.0
Forecast,131,20,1,135.86985064668494
Forecast,163,20,1,135.86985064668494
Forecast,129,21,1,135.86985064668494
Forecast,135,20,1,160.86985064668494
Forecast,138,20,1,308.4592382682974
Forecast,167,20,1,308.4592382682974
Forecast,137,21,1,308.4592382682974
Forecast,85,20,1,108.72507629624732
Forecast,144,20,1,0.4
Forecast,147,20,1,0.18000000000000002
Forecast,154,20,1,0.10466217131577364
Forecast,161,20,1,534.4502015699975
Forecast,168,20,1,534.4502015699974
Forecast,169,20,1,1.1368683772161603e-13
Forecast,174,20,1,-49.60982920099238
Forecast,175,20,1,-22.75777787294977
Forecast,176,20,1,-10.864372294611675
Forecast,179,20,1,-0.0
Forecast,180,20,1,-0.0
Forecast,181,20,1,33.62215016756144
Forecast,182,20,1,0.0
Forecast,188,20,1,140.86985064668494
Forecast,189,20,1,1.479602094813498
Forecast,190,20,1,1.2956518904880006
Forecast,192,20,1,19.615778310960813
Forecast,194,20,1,14.130149353315062
Forecast,195,20,1,34.13014935331506
Forecast,68,21,1,1.6266958488750818e-06
Forecast,63,22,1,1.6266958488750818e-06
Forecast,76,21,1,0.052624801140590934
Forecast,77,21,1,155.45130491294924
Forecast,141,21,1,155.45130491294924
Forecast,70,22,1,155.45130491294924
Forecast,79,21,1,93.27078294776955
Forecast,142,21,1,93.27078294776955
Forecast,80,21,1,34.19928708084883
Forecast,145,21,1,34.19928708084883
Forecast,143,21,1,62.18052196517969
Forecast,81,21,1,27.98123488433086
Forecast,146,21,1,27.98123488433086
Forecast,82,22,1,27.98123488433086
Forecast,88,21,1,8.549821770212208
Forecast,89,21,1,6.294876179869253
Forecast,148,21,1,6.294876179869253
Forecast,173,21,1,6.294876179869253
Forecast,90,21,1,254.04999278511306
Forecast,160,21,1,254.04999278511306
Forecast,87,22,1,254.04999278511306
Forecast,92,21,1,92.93284532839357
Forecast,158,21,1,92.93284532839357
Forecast,93,21,1,111.51941439407227
Forecast,159,21,1,111.51941439407227
Forecast,94,21,1,50.69064290639649
Forecast,162,21,1,50.69064290639649
Forecast,95,21,1,153.76161681606936
Forecast,96,21,1,-43.772424904142866
Forecast,118,21,1,21.686358704461608
Forecast,149,21,1,21.686358704461608
Forecast,115,21,1,1.6134544764293837
Forecast,116,21,1,1.9572044764293837
Forecast,150,21,1,1.9572044764293837
Forecast,119,21,1,19.729154228032225
Forecast,151,21,1,19.729154228032225
Forecast,120,21,1,4.932288557008056
Forecast,152,21,1,4.932288557008056
Forecast,121,21,1,14.796865671024168
Forecast,153,21,1,14.796865671024168
Forecast,172,21,1,14.796865671024168
Forecast,122,21,1,64.86416675503628
Forecast,126,21,1,53.814344984824075
Forecast,127,21,1,4.0
Forecast,128,21,1,49.814344984824075
Forecast,130,21,1,-49.814344984824075
Forecast,178,21,1,-49.814344984824075
Forecast,132,21,1,0.0
Forecast,133,21,1,0.0
Forecast,134,21,1,20.0
Forecast,157,21,1,20.0
Forecast,184,21,1,20.0
Forecast,124,22,1,20.0
Forecast,183,22,1,20.0
Forecast,131,21,1,86.05550566186086
Forecast,163,21,1,86.05550566186086
Forecast,129,22,1,86.05550566186086
Forecast,135,21,1,108.55550566186086
Forecast,138,21,1,319.2561039393216
Forecast,167,21,1,319.2561039393216
Forecast,137,22,1,319.2561039393216
Forecast,85,21,1,110.12396687897015
Forecast,144,21,1,0.39999999999999997
Forecast,147,21,1,0.17999999999999997
Forecast,154,21,1,0.09518650023111884
Forecast,161,21,1,478.5022525075789
Forecast,168,21,1,478.50225250757893
Forecast,169,21,1,-5.684341886080802e-14
Forecast,174,21,1,43.772424904142866
Forecast,175,21,1,64.86416675503628
Forecast,176,21,1,-8.549821770212208
Forecast,179,21,1,-4.0
Forecast,180,21,1,-0.0
Forecast,181,21,1,-56.314344984824075
Forecast,182,21,1,0.0
Forecast,188,21,1,88.55550566186086
Forecast,189,21,1,0.9857573127670466
Forecast,190,21,1,0.8041438042200774
Forecast,192,21,1,14.296531211382822
Forecast,194,21,1,63.94449433813914
Forecast,195,21,1,83.94449433813914
Forecast,68,22,1,-1.9101481580783816e-06
Forecast,76,22,1,0.05262126429658398
Forecast,77,22,1,118.43652116390456
Forecast,141,22,1,118.43652116390456
Forecast,79,22,1,71.06191269834274
Forecast,142,22,1,71.06191269834274
Forecast,80,22,1,26.056034656059
Forecast,145,22,1,26.056034656059
Forecast,143,22,1,47.37460846556182
Forecast,81,22,1,21.31857380950282
Forecast,146,22,1,21.31857380950282
Forecast,88,22,1,6.51400866401475
Forecast,89,22,1,6.351249819627827
Forecast,148,22,1,6.351249819627827
Forecast,173,22,1,6.351249819627827
Forecast,90,22,1,254.2127516295
Forecast,160,22,1,254.2127516295
Forecast,92,22,1,70.80444200016034
Forecast,158,22,1,70.80444200016034
Forecast,93,22,1,84.96533040019241
Forecast,159,22,1,84.96533040019241
Forecast,94,22,1,38.62060472736019
Forecast,162,22,1,38.62060472736019
Forecast,95,22,1,117.14916767299255
Forecast,96,22,1,-36.612449143076816
Forecast,118,22,1,14.967323989874991
Forecast,149,22,1,14.967323989874991
Forecast,115,22,1,1.0219091297345977
Forecast,116,22,1,1.3312841297345976
Forecast,150,22,1,1.3312841297345976
Forecast,119,22,1,13.636039860140393
Forecast,151,22,1,13.636039860140393
Forecast,120,22,1,3.4090099650350982
Forecast,152,22,1,3.4090099650350982
Forecast,121,22,1,10.227029895105295
Forecast,153,22,1,10.227029895105295
Forecast,172,22,1,10.227029895105295
Forecast,122,22,1,53.19072885780994
Forecast,126,22,1,44.176720193795184
Forecast,127,22,1,4.0
Forecast,128,22,1,40.176720193795184
Forecast,130,22,1,-40.176720193795184
Forecast,178,22,1,-40.176720193795184
Forecast,132,22,1,0.0
Forecast,133,22,1,0.0
Forecast,134,22,1,20.0
Forecast,157,22,1,20.0
Forecast,184,22,1,20.0
Forecast,131,22,1,45.87878546806568
Forecast,163,22,1,45.87878546806568
Forecast,135,22,1,65.87878546806567
Forecast,138,22,1,325.4831338344269
Forecast,167,22,1,325.4831338344269
Forecast,85,22,1,111.18969711348686
Forecast,144,22,1,0.39999999999999997
Forecast,147,22,1,0.18
Forecast,154,22,1,0.08635030643083552
Forecast,161,22,1,429.9825240298527
Forecast,168,22,1,429.98252402985275
Forecast,169,22,1,-5.684341886080802e-14
Forecast,174,22,1,36.612449143076816
Forecast,175,22,1,53.19072885780994
Forecast,176,22,1,-6.51400866401475
Forecast,179,22,1,-4.0
Forecast,180,22,1,-0.0
Forecast,181,22,1,-46.676720193795184
Forecast,182,22,1,0.0
Forecast,188,22,1,45.87878546806567
Forecast,189,22,1,0.5924900164160519
Forecast,190,22,1,0.412617235760963
Forecast,192,22,1,16.01354161245267
Forecast,194,22,1,104.12121453193433
Forecast,195,22,1,124.12121453193433
